bugid	bug	buggy	patch	lineNo	action
198	Closure_132	buggy:    !mayEffectMutableState(lhs))    {    context:    Node    elseOp    =    getBlockExpression(elseBranch).getFirstChild();    if    (thenOp.getType()    ==    elseOp.getType())    {    if    (NodeUtil.isAssignmentOp(thenOp))    {    Node    lhs    =    thenOp.getFirstChild();    if    (areNodesEqualForInlining(lhs,    elseOp.getFirstChild())    &&                !mayEffectMutableState(lhs))    {    n.removeChild(cond);    Node    assignName    =    thenOp.removeFirstChild();    Node    thenExpr    =    thenOp.removeFirstChild();    Node    elseExpr    =    elseOp.getLastChild();    elseOp.removeChild(elseExpr);    	!mayEffectMutableState(lhs)    &&    (!mayHaveSideEffects(cond)    ||    (thenOp.isAssign()    &&    thenOp.getFirstChild().isName())))    {    	782	replace
745	Math_80	buggy:    int    j    =    4    *    n    -    1;    context:    private    boolean    flipIfWarranted(final    int    n,    final    int    step)    {    if    (1.5    *    work[pingPong]    <    work[4    *    (n    -    1)    +    pingPong])    {            int    j    =    4    *    n    -    1;    for    (int    i    =    0;    i    <    j;    i    +=    4)    {    for    (int    k    =    0;    k    <    4;    k    +=    step)    {    final    double    tmp    =    work[i    +    k];    work[i    +    k]    =    work[j    -    k];    work[j    -    k]    =    tmp;    }    j    -=    4;    }    	int    j    =    4    *    (n    -    1);    	1135	replace
697	Math_32	buggy:    if    ((Boolean)    tree.getAttribute())    {    context:    }    protected    void    computeGeometricalProperties()    {    final    Vector2D[][]    v    =    getVertices();    if    (v.length    ==    0)    {    final    BSPTree<Euclidean2D>    tree    =    getTree(false);            if    ((Boolean)    tree.getAttribute())    {    setSize(Double.POSITIVE_INFINITY);    setBarycenter(Vector2D.NaN);    }    else    {    setSize(0);    setBarycenter(new    Vector2D(0,    0));    }    }    else    if    (v[0][0]    ==    null)    {    	if    (tree.getCut()    ==    null    &&    (Boolean)    tree.getAttribute())    {    	136	replace
766	Math_101	buggy:    if    (    context:    pos.setIndex(initialIndex);    return    null;    }    int    n    =    getImaginaryCharacter().length();    startIndex    =    pos.getIndex();    int    endIndex    =    startIndex    +    n;            if    (    source.substring(startIndex,    endIndex).compareTo(    getImaginaryCharacter())    !=    0)    {    pos.setIndex(initialIndex);    pos.setErrorIndex(startIndex);    return    null;    	if    ((startIndex    >=    source.length())    ||    (endIndex    >    source.length())    ||    	377	replace
670	Math_5	buggy:    return    NaN;    context:    public static final Complex  NaN   INF   ONE   ZERO   public    Complex    reciprocal()    {    if    (isNaN)    {    return    NaN;    }    if    (real    ==    0.0    &&    imaginary    ==    0.0)    {            return    NaN;    }    if    (isInfinite)    {    return    ZERO;    }    if    (FastMath.abs(real)    <    FastMath.abs(imaginary))    {    double    q    =    real    /    imaginary;    	return    INF;    	305	replace
140	Closure_73	buggy:    if    (c    >    0x1f    &&    c    <=    0x7f)    {    context:    if    (outputCharsetEncoder.canEncode(c))    {    sb.append(c);    }    else    {    appendHexJavaScriptRepresentation(sb,    c);    }    }    else    {            if    (c    >    0x1f    &&    c    <=    0x7f)    {    sb.append(c);    }    else    {    appendHexJavaScriptRepresentation(sb,    c);    }    }    	if    (c    >    0x1f    &&    c    <    0x7f)    {    	1045	replace
651	Lang_51	buggy:    context:    if    (ch    ==    'y')    {    return    (str.charAt(1)    ==    'e'    ||    str.charAt(1)    ==    'E')    &&    (str.charAt(2)    ==    's'    ||    str.charAt(2)    ==    'S');    }    if    (ch    ==    'Y')    {    return    (str.charAt(1)    ==    'E'    ||    str.charAt(1)    ==    'e')    &&    (str.charAt(2)    ==    'S'    ||    str.charAt(2)    ==    's');    }    }    case    4:    {    char    ch    =    str.charAt(0);    if    (ch    ==    't')    {    return    (str.charAt(1)    ==    'r'    ||    str.charAt(1)    ==    'R')    &&    (str.charAt(2)    ==    'u'    ||    str.charAt(2)    ==    'U')    &&    (str.charAt(3)    ==    'e'    ||    str.charAt(3)    ==    'E');    }    	return    false;    	682	add
794	Time_24	buggy:    context:    saveField(DateTimeFieldType.year(),    iDefaultYear);    return    computeMillis(resetFields,    text);    }    }    long    millis    =    iMillis;    try    {    for    (int    i    =    0;    i    <    count;    i++)    {    millis    =    savedFields[i].set(millis,    resetFields);    }    }    catch    (IllegalFieldValueException    e)    {    if    (text    !=    null)    {    e.prependMessage(   "Cannot    parse    \   "   "    +    text    +    '   "');    }    throw    e;    	if    (resetFields)    {    for    (int    i    =    0;    i    <    count;    i++)    {    millis    =    savedFields[i].set(millis,    i    ==    (count    -    1));    }    }    	355	add
17	Chart_17	buggy:    Object    clone    =    createCopy(0,    getItemCount()    -    1);    context:    public    Object    clone()    throws    CloneNotSupportedException    {            Object    clone    =    createCopy(0,    getItemCount()    -    1);    return    clone;    }    	TimeSeries    clone    =    (TimeSeries)    super.clone();    clone.data    =    (List)    ObjectUtilities.deepClone(this.data);    	857	replace
621	Lang_21	buggy:    cal1.get(Calendar.HOUR)    ==    cal2.get(Calendar.HOUR)    &&    context:    public    static    boolean    isSameLocalTime(Calendar    cal1,    Calendar    cal2)    {    if    (cal1    ==    null    ||    cal2    ==    null)    {    throw    new    IllegalArgumentException(   "The    date    must    not    be    null   ");    }    return    (cal1.get(Calendar.MILLISECOND)    ==    cal2.get(Calendar.MILLISECOND)    &&    cal1.get(Calendar.SECOND)    ==    cal2.get(Calendar.SECOND)    &&    cal1.get(Calendar.MINUTE)    ==    cal2.get(Calendar.MINUTE)    &&            cal1.get(Calendar.HOUR)    ==    cal2.get(Calendar.HOUR)    &&    cal1.get(Calendar.DAY_OF_YEAR)    ==    cal2.get(Calendar.DAY_OF_YEAR)    &&    cal1.get(Calendar.YEAR)    ==    cal2.get(Calendar.YEAR)    &&    cal1.get(Calendar.ERA)    ==    cal2.get(Calendar.ERA)    &&    cal1.getClass()    ==    cal2.getClass());    }    	cal1.get(Calendar.HOUR_OF_DAY)    ==    cal2.get(Calendar.HOUR_OF_DAY)    &&    	265	replace
695	Math_30	buggy:    final    int    n1n2prod    =    n1    *    n2;    context:    private    double    calculateAsymptoticPValue(final    double    Umin,    final    int    n1,    final    int    n2)    throws    ConvergenceException,    MaxCountExceededException    {            final    int    n1n2prod    =    n1    *    n2;    final    double    EU    =    n1n2prod    /    2.0;    final    double    VarU    =    n1n2prod    *    (n1    +    n2    +    1)    /    12.0;    final    double    z    =    (Umin    -    EU)    /    FastMath.sqrt(VarU);    final    NormalDistribution    standardNormal    =    new    NormalDistribution(0,    1);    	final    double    n1n2prod    =    n1    *    n2;    	173	replace
668	Math_3	buggy:    context:    public    static    double    linearCombination(final    double[]    a,    final    double[]    b)    throws    DimensionMismatchException    {    final    int    len    =    a.length;    if    (len    !=    b.length)    {    throw    new    DimensionMismatchException(len,    b.length);    }    final    double[]    prodHigh    =    new    double[len];    double    prodLowSum    =    0;    for    (int    i    =    0;    i    <    len;    i++)    {    final    double    ai    =    a[i];    	if    (len    ==    1)    {    return    a[0]    *    b[0];    }    	821	add
645	Lang_45	buggy:    context:    if    (str    ==    null)    {    return    null;    }    if    (str.length()    ==    0)    {    return    StringUtils.EMPTY;    }    if    (upper    ==    -1    ||    upper    >    str.length())    {    upper    =    str.length();    }    if    (upper    <    lower)    {    	if    (lower    >    str.length())    {    lower    =    str.length();    }    	616	add
11	Chart_11	buggy:    PathIterator    iterator2    =    p1.getPathIterator(null);    context:    if    (p1    ==    null)    {    return    (p2    ==    null);    }    if    (p2    ==    null)    {    return    false;    }    if    (p1.getWindingRule()    !=    p2.getWindingRule())    {    return    false;    }    PathIterator    iterator1    =    p1.getPathIterator(null);            PathIterator    iterator2    =    p1.getPathIterator(null);    double[]    d1    =    new    double[6];    double[]    d2    =    new    double[6];    boolean    done    =    iterator1.isDone()    &&    iterator2.isDone();    while    (!done)    {    if    (iterator1.isDone()    !=    iterator2.isDone())    {    return    false;    }    int    seg1    =    iterator1.currentSegment(d1);    	PathIterator    iterator2    =    p2.getPathIterator(null);    	275	replace
173	Closure_107	buggy:    context:    }    else    if    (CompilationLevel.ADVANCED_OPTIMIZATIONS    ==    level)    {    options.messageBundle    =    new    EmptyMessageBundle();    }    return    options;    }    protected    Compiler    createCompiler()    {    return    new    Compiler(getErrorPrintStream());    }    	options.setWarningLevel(JsMessageVisitor.MSG_CONVENTIONS,    CheckLevel.OFF);    	862	add
654	Lang_54	buggy:    context:    if    (ch0    <    'a'    ||    ch0    >    'z'    ||    ch1    <    'a'    ||    ch1    >    'z')    {    throw    new    IllegalArgumentException(   "Invalid    locale    format:       "    +    str);    }    if    (len    ==    2)    {    return    new    Locale(str,       "   ");    }    else    {    if    (str.charAt(2)    !=    '_')    {    throw    new    IllegalArgumentException(   "Invalid    locale    format:       "    +    str);    }    char    ch3    =    str.charAt(3);    char    ch4    =    str.charAt(4);    if    (ch3    <    'A'    ||    ch3    >    'Z'    ||    ch4    <    'A'    ||    ch4    >    'Z')    {    throw    new    IllegalArgumentException(   "Invalid    locale    format:       "    +    str);    }    if    (len    ==    5)    {    return    new    Locale(str.substring(0,    2),    str.substring(3,    5));    }    else    {    	if    (ch3    ==    '_')    {    return    new    Locale(str.substring(0,    2),       "   ",    str.substring(4));    }    	114	add
87	Closure_19	buggy:    context:    case    Token.GETPROP:    String    qualifiedName    =    node.getQualifiedName();    Preconditions.checkNotNull(qualifiedName);    JSType    origType    =    node.getJSType();    origType    =    origType    ==    null    ?    getNativeType(UNKNOWN_TYPE)    :    origType;    scope.inferQualifiedSlot(node,    qualifiedName,    origType,    type);    break;    default:    throw    new    IllegalArgumentException(   "Node    cannot    be    refined.    \n   "    +    node.toStringTree());    }    }    	case    Token.THIS:    break;    	172	add
676	Math_11	buggy:    return    FastMath.pow(2    *    FastMath.PI,    -dim    /    2)    *    context:    return    covarianceMatrix.copy();    }    public    double    density(final    double[]    vals)    throws    DimensionMismatchException    {    final    int    dim    =    getDimension();    if    (vals.length    !=    dim)    {    throw    new    DimensionMismatchException(vals.length,    dim);    }            return    FastMath.pow(2    *    FastMath.PI,    -dim    /    2)    *    FastMath.pow(covarianceMatrixDeterminant,    -0.5)    *    getExponentTerm(vals);    }    	return    FastMath.pow(2    *    FastMath.PI,    -0.5    *    dim)    *    	183	replace
644	Lang_44	buggy:    context:    public    static    Number    createNumber(String    val)    throws    NumberFormatException    {    if    (val    ==    null)    {    return    null;    }    if    (val.length()    ==    0)    {    throw    new    NumberFormatException(   "\   "\   "    is    not    a    valid    number.   ");    }    if    (val.startsWith(   "--   "))    {    return    null;    }    	if    (val.length()    ==    1    &&    !Character.isDigit(val.charAt(0)))    {    throw    new    NumberFormatException(val    +       "    is    not    a    valid    number.   ");    }    	145	add
628	Lang_28	buggy:    context:    try    {    if(isHex)    {    entityValue    =    Integer.parseInt(input.subSequence(start,    end).toString(),    16);    }    else    {    entityValue    =    Integer.parseInt(input.subSequence(start,    end).toString(),    10);    }    }    catch(NumberFormatException    nfe)    {    return    0;    }    out.write(entityValue);    return    2    +    (end    -    start)    +    (isHex    ?    1    :    0)    +    1;    }    return    0;    	if(entityValue    >    0xFFFF)    {    char[]    chrs    =    Character.toChars(entityValue);    out.write(chrs[0]);    out.write(chrs[1]);    }    else    {    }    	63	add
189	Closure_123	buggy:    Context    rhsContext    =    Context.OTHER;    context:    cc.addOp(NodeUtil.opToStrNoFail(type),    false);    addExpr(first,    NodeUtil.precedence(type),    Context.OTHER);    }    break;    }    case    Token.HOOK:    {    Preconditions.checkState(childCount    ==    3);    int    p    =    NodeUtil.precedence(type);            Context    rhsContext    =    Context.OTHER;    addExpr(first,    p    +    1,    context);    cc.addOp(   "?   ",    true);    addExpr(first.getNext(),    1,    rhsContext);    cc.addOp(   ":   ",    true);    addExpr(last,    1,    rhsContext);    break;    }    	Context    rhsContext    =    getContextForNoInOperator(context);    	285	replace
643	Lang_43	buggy:    context:    private    StringBuffer    appendQuotedString(String    pattern,    ParsePosition    pos,    StringBuffer    appendTo,    boolean    escapingOn)    {    int    start    =    pos.getIndex();    char[]    c    =    pattern.toCharArray();    if    (escapingOn    &&    c[start]    ==    QUOTE)    {    return    appendTo    ==    null    ?    null    :    appendTo.append(QUOTE);    }    int    lastHold    =    start;    for    (int    i    =    pos.getIndex();    i    <    pattern.length();    i++)    {    if    (escapingOn    &&    pattern.substring(i).startsWith(ESCAPED_QUOTE))    {    appendTo.append(c,    lastHold,    pos.getIndex()    -    lastHold).append(    QUOTE);    pos.setIndex(i    +    ESCAPED_QUOTE.length());    lastHold    =    pos.getIndex();    	next(pos);    	422	add
167	Closure_101	buggy:    if    (flags.process_closure_primitives)    {    options.closurePass    =    true;    }    context:    level.setOptionsForCompilationLevel(options);    if    (flags.debug)    {    level.setDebugOptionsForCompilationLevel(options);    }    WarningLevel    wLevel    =    flags.warning_level;    wLevel.setOptionsForWarningLevel(options);    for    (FormattingOption    formattingOption    :    flags.formatting)    {    formattingOption.applyToOptions(options);    }    if    (flags.process_closure_primitives)    {        options.closurePass    =    true;    }    initOptionsFromFlags(options);    return    options;    }    	options.closurePass    =    flags.process_closure_primitives;    	433	replace
734	Math_69	buggy:    out[i][j]    =    2    *    (1    -    tDistribution.cumulativeProbability(t));    context:    TDistribution    tDistribution    =    new    TDistributionImpl(nObs    -    2);    int    nVars    =    correlationMatrix.getColumnDimension();    double[][]    out    =    new    double[nVars][nVars];    for    (int    i    =    0;    i    <    nVars;    i++)    {    for    (int    j    =    0;    j    <    nVars;    j++)    {    if    (i    ==    j)    {    out[i][j]    =    0d;    }    else    {    double    r    =    correlationMatrix.getEntry(i,    j);    double    t    =    Math.abs(r    *    Math.sqrt((nObs    -    2)/(1    -    r    *    r)));                    out[i][j]    =    2    *    (1    -    tDistribution.cumulativeProbability(t));    }    }    }    return    new    BlockRealMatrix(out);    }    	out[i][j]    =    2    *    tDistribution.cumulativeProbability(-t);    	171	replace
735	Math_70	buggy:    return    solve(min,    max);    context:    public    double    solve(double    min,    double    max)    throws    MaxIterationsExceededException,    FunctionEvaluationException    {    return    solve(f,    min,    max);    }    public    double    solve(final    UnivariateRealFunction    f,    double    min,    double    max,    double    initial)    throws    MaxIterationsExceededException,    FunctionEvaluationException    {            return    solve(min,    max);    }    public    double    solve(final    UnivariateRealFunction    f,    double    min,    double    max)    throws    MaxIterationsExceededException,    FunctionEvaluationException    {    clearResult();    verifyInterval(min,max);    	return    solve(f,    min,    max);    	72	replace
624	Lang_24	buggy:    return    foundDigit    &&    !hasExp;    context:    if    (!allowSigns    &&    (chars[i]    ==    'd'    ||    chars[i]    ==    'D'    ||    chars[i]    ==    'f'    ||    chars[i]    ==    'F'))    {    return    foundDigit;    }    if    (chars[i]    ==    'l'    ||    chars[i]    ==    'L')    {            return    foundDigit    &&    !hasExp;    }    return    false;    }    return    !allowSigns    &&    foundDigit;    }    	return    foundDigit    &&    !hasExp    &&    !hasDecPoint;    	1413	replace
609	Lang_9	buggy:    context:    break;    }    String    nextFormatField=    patternMatcher.group();    nextStrategy    =    getStrategy(nextFormatField);    if(currentStrategy.addRegex(this,    regex))    {    collector.add(currentStrategy);    }    currentFormatField=    nextFormatField;    currentStrategy=    nextStrategy;    }    if(currentStrategy.addRegex(this,    regex))    {    collector.add(currentStrategy);    }    currentFormatField=    null;    strategies=    collector.toArray(new    Strategy[collector.size()]);    parsePattern=    Pattern.compile(regex.toString());    }    	if    (patternMatcher.regionStart()    !=    patternMatcher.regionEnd())    {    throw    new    IllegalArgumentException(   "Failed    to    parse    \   "   "+pattern+   "\   "    ;    gave    up    at    index       "+patternMatcher.regionStart());    }    	144	add
86	Closure_18	buggy:    if    (options.dependencyOptions.needsManagement()    &&    options.closurePass)    {    context:    if    (options.transformAMDToCJSModules    ||    options.processCommonJSModules)    {    processAMDAndCommonJSModules();    }    hoistExterns(externsRoot);    boolean    staleInputs    =    false;        if    (options.dependencyOptions.needsManagement()    &&    options.closurePass)    {    for    (CompilerInput    input    :    inputs)    {    for    (String    provide    :    input.getProvides())    {    getTypeRegistry().forwardDeclareType(provide);    }    }    	if    (options.dependencyOptions.needsManagement())    {    	1288	replace
659	Lang_59	buggy:    str.getChars(0,    strLen,    buffer,    size);    context:    public    StrBuilder    appendFixedWidthPadRight(Object    obj,    int    width,    char    padChar)    {    if    (width    >    0)    {    ensureCapacity(size    +    width);    String    str    =    (obj    ==    null    ?    getNullText()    :    obj.toString());    int    strLen    =    str.length();    if    (strLen    >=    width)    {            str.getChars(0,    strLen,    buffer,    size);    }    else    {    int    padLen    =    width    -    strLen;    str.getChars(0,    strLen,    buffer,    size);    for    (int    i    =    0;    i    <    padLen;    i++)    {    buffer[size    +    strLen    +    i]    =    padChar;    }    }    size    +=    width;    	str.getChars(0,    width,    buffer,    size);    	884	replace
815	Mockito_18	buggy:    context:    Class<?>    returnType    =    invocation.getMethod().getReturnType();    return    returnValueFor(returnType);    }    Object    returnValueFor(Class<?>    type)    {    if    (Primitives.isPrimitiveOrWrapper(type))    {    return    Primitives.defaultValueForPrimitiveOrWrapper(type);    }    else    if    (type    ==    Collection.class)    {    return    new    LinkedList<Object>();    }    else    if    (type    ==    Set.class)    {    return    new    HashSet<Object>();    }    else    if    (type    ==    HashSet.class)    {    return    new    HashSet<Object>();    }    else    if    (type    ==    SortedSet.class)    {    return    new    TreeSet<Object>();    	}    else    if    (type    ==    Iterable.class)    {    return    new    ArrayList<Object>(0);    	87	add
101	Closure_33	buggy:    context: private final String className properties nativeType  boolean matchesObjectContext()  boolean canBeCalled()  boolean isPrettyPrint() {  public ObjectType getImplicitPrototype() public boolean hasReferenceName() }   public boolean isSubtype(JSType that) {  for    (Property    prop    :    properties.values())    {    prop.setType(safeResolve(prop.getType(),    t,    scope));    }    return    this;    }    public    void    matchConstraint(ObjectType    constraintObj)    {    	if    (hasReferenceName())    {    return;    }    	557	add
699	Math_34	buggy:    return    chromosomes.iterator();    context:    return    this.chromosomes.toString();    }    public    Iterator<Chromosome>    iterator()    {            return    chromosomes.iterator();    }    }    	return    getChromosomes().iterator();    	209	replace
740	Math_75	buggy:    return    getCumPct((Comparable<?>)    v);    context:    public    double    getPct(Object    v)    {            return    getCumPct((Comparable<?>)    v);    }    	return    getPct((Comparable<?>)    v);    	303	replace
134	Closure_67	buggy:    )    {    context:    return    t.inGlobalScope()    &&    (NodeUtil.isFunctionDeclaration(n)    ||    n.getType()    ==    Token.FUNCTION    &&    n.getParent().getType()    ==    Token.NAME);    }    private    boolean    isPrototypePropertyAssign(Node    assign)    {    Node    n    =    assign.getFirstChild();    if    (n    !=    null    &&    NodeUtil.isVarOrSimpleAssignLhs(n,    assign)    &&    n.getType()    ==    Token.GETPROP        )    {    boolean    isChainedProperty    =    n.getFirstChild().getType()    ==    Token.GETPROP;    if    (isChainedProperty)    {    Node    child    =    n.getFirstChild().getFirstChild().getNext();    if    (child.getType()    ==    Token.STRING    &&    	&&    assign.getParent().getType()    ==    Token.EXPR_RESULT)    {    	318	replace
137	Closure_70	buggy:    jsDocParameter.getJSType(),    true);    context:    Node    astParameters    =    functionNode.getFirstChild().getNext();    Node    body    =    astParameters.getNext();    FunctionType    functionType    =    (FunctionType)    functionNode.getJSType();    if    (functionType    !=    null)    {    Node    jsDocParameters    =    functionType.getParametersNode();    if    (jsDocParameters    !=    null)    {    Node    jsDocParameter    =    jsDocParameters.getFirstChild();    for    (Node    astParameter    :    astParameters.children())    {    if    (jsDocParameter    !=    null)    {    defineSlot(astParameter,    functionNode,                jsDocParameter.getJSType(),    true);    jsDocParameter    =    jsDocParameter.getNext();    }    else    {    defineSlot(astParameter,    functionNode,    null,    true);    }    }    }    }    }    //    end    declareArguments    	jsDocParameter.getJSType(),    false);    	1745	replace
24	Chart_24	buggy:    int    g    =    (int)    ((value    -    this.lowerBound)    /    (this.upperBound    context:    public    Paint    getPaint(double    value)    {    double    v    =    Math.max(value,    this.lowerBound);    v    =    Math.min(v,    this.upperBound);            int    g    =    (int)    ((value    -    this.lowerBound)    /    (this.upperBound    this.lowerBound)    *    255.0);    return    new    Color(g,    g,    g);    }    	int    g    =    (int)    ((v    -    this.lowerBound)    /    (this.upperBound    	126	replace
83	Closure_15	buggy:    context:    if    (n.isCall()    &&    NodeUtil.functionCallHasSideEffects(n))    {    return    true;    }    if    (n.isNew()    &&    NodeUtil.constructorCallHasSideEffects(n))    {    return    true;    }    for    (Node    c    =    n.getFirstChild();    c    !=    null;    c    =    c.getNext())    {    if    (!ControlFlowGraph.isEnteringNewCfgNode(c)    &&    apply(c))    {    return    true;    }    }    return    false;    	if    (n.isDelProp())    {    return    true;    }    	102	add
786	Time_15	buggy:    context:    public    static    long    safeMultiply(long    val1,    int    val2)    {    switch    (val2)    {    case    -1:    return    -val1;    case    0:    return    0L;    case    1:    return    val1;    }    long    total    =    val1    *    val2;    	if    (val1    ==    Long.MIN_VALUE)    {    throw    new    ArithmeticException(   "Multiplication    overflows    a    long:       "    +    val1    +       "    *       "    +    val2);    }    	138	add
606	Lang_6	buggy:    pos    +=    Character.charCount(Character.codePointAt(input,    pos));    context:    int    consumed    =    translate(input,    pos,    out);    if    (consumed    ==    0)    {    char[]    c    =    Character.toChars(Character.codePointAt(input,    pos));    out.write(c);    pos+=    c.length;    continue;    }    for    (int    pt    =    0;    pt    <    consumed;    pt++)    {            pos    +=    Character.charCount(Character.codePointAt(input,    pos));    }    }    }    	pos    +=    Character.charCount(Character.codePointAt(input,    pt));    	95	replace
130	Closure_62	buggy:    &&    0    <=    charno    &&    charno    <    sourceExcerpt.length())    {    context:    b.append('\n');    if    (sourceExcerpt    !=    null)    {    b.append(sourceExcerpt);    b.append('\n');    int    charno    =    error.getCharno();    if    (excerpt.equals(LINE)        &&    0    <=    charno    &&    charno    <    sourceExcerpt.length())    {    for    (int    i    =    0;    i    <    charno;    i++)    {    char    c    =    sourceExcerpt.charAt(i);    if    (Character.isWhitespace(c))    {    b.append(c);    }    else    {    b.append('    ');    }    }    	&&    0    <=    charno    &&    charno    <=    sourceExcerpt.length())    {    	98	replace
747	Math_82	buggy:    if    (MathUtils.compareTo(entry,    0,    epsilon)    >=    0)    {    context:    private    Integer    getPivotRow(final    int    col,    final    SimplexTableau    tableau)    {    double    minRatio    =    Double.MAX_VALUE;    Integer    minRatioPos    =    null;    for    (int    i    =    tableau.getNumObjectiveFunctions();    i    <    tableau.getHeight();    i++)    {    final    double    rhs    =    tableau.getEntry(i,    tableau.getWidth()    -    1);    final    double    entry    =    tableau.getEntry(i,    col);            if    (MathUtils.compareTo(entry,    0,    epsilon)    >=    0)    {    final    double    ratio    =    rhs    /    entry;    if    (ratio    <    minRatio)    {    minRatio    =    ratio;    minRatioPos    =    i;    }    }    }    return    minRatioPos;    	if    (MathUtils.compareTo(entry,    0,    epsilon)    >    0)    {    	82	replace
826	Mockito_29	buggy:    description.appendText(wanted.toString());    context:    this.wanted    =    wanted;    }    public    boolean    matches(Object    actual)    {    return    wanted    ==    actual;    }    public    void    describeTo(Description    description)    {    description.appendText(   "same(   ");    appendQuoting(description);            description.appendText(wanted.toString());    appendQuoting(description);    description.appendText(   ")   ");    }    private    void    appendQuoting(Description    description)    {    if    (wanted    instanceof    String)    {    description.appendText(   "\   "   ");    }    else    if    (wanted    instanceof    Character)    {    	description.appendText(wanted    ==    null    ?       "null   "    :    wanted.toString());    	29	replace
738	Math_73	buggy:    context:    if    (Math.abs(yMax)    <=    functionValueAccuracy)    {    setResult(yMax,    0);    return    result;    }    if    (yInitial    *    yMax    <    0)    {    return    solve(f,    initial,    yInitial,    max,    yMax,    initial,    yInitial);    }    return    solve(f,    min,    yMin,    max,    yMax,    initial,    yInitial);    }    	if    (yMin    *    yMax    >    0)    {    throw    MathRuntimeException.createIllegalArgumentException(    NON_BRACKETING_MESSAGE,    min,    max,    yMin,    yMax);    }    	136	add
179	Closure_113	buggy:    if    (provided    !=    null)    {    context:    }    maybeAddToSymbolTable(left);    maybeAddStringNodeToSymbolTable(arg);        if    (provided    !=    null)    {    parent.detachFromParent();    compiler.reportCodeChange();    }    }    }    	if    (provided    !=    null    ||    requiresLevel.isOn())    {    	329	replace
119	Closure_51	buggy:    if    ((long)    x    ==    x)    {    context:    }    void    addNumber(double    x)    {    char    prev    =    getLastChar();    if    (x    <    0    &&    prev    ==    '-')    {    add(   "       ");    }    if    ((long)    x    ==    x)    {    long    value    =    (long)    x;    long    mantissa    =    value;    int    exp    =    0;    if    (Math.abs(x)    >=    100)    {    while    (mantissa    /    10    *    Math.pow(10,    exp    +    1)    ==    value)    {    mantissa    /=    10;    exp++;    }    	if    ((long)    x    ==    x    &&    !isNegativeZero(x))    { 	241	replace
186	Closure_120	buggy:    context:    boolean    isAssignedOnceInLifetime()    {    Reference    ref    =    getOneAndOnlyAssignment();    if    (ref    ==    null)    {    return    false;    }    for    (BasicBlock    block    =    ref.getBasicBlock();    block    !=    null;    block    =    block.getParent())    {    if    (block.isFunction)    {    break;    }    else    if    (block.isLoop)    {    return    false;    }    }    return    true;    	if    (ref.getSymbol().getScope()    !=    ref.scope)    {    return    false;    }    	431	add
831	Mockito_34	buggy:    if    (m    instanceof    CapturesArguments)    {    context:    return    invocation.getLocation();    }    public    String    toString(PrintSettings    printSettings)    {    return    invocation.toString(matchers,    printSettings);    }    public    void    captureArgumentsFrom(Invocation    i)    {    int    k    =    0;    for    (Matcher    m    :    matchers)    {            if    (m    instanceof    CapturesArguments)    {    ((CapturesArguments)    m).captureFrom(i.getArguments()[k]);    }    k++;    }    }    }    \    No    newline    at    end    of    file    	if    (m    instanceof    CapturesArguments    &&    i.getArguments().length    >    k)    {    	106	replace
722	Math_57	buggy:    int    sum    =    0;    context:    final    List<Cluster<T>>    resultSet    =    new    ArrayList<Cluster<T>>();    final    T    firstPoint    =    pointSet.remove(random.nextInt(pointSet.size()));    resultSet.add(new    Cluster<T>(firstPoint));    final    double[]    dx2    =    new    double[pointSet.size()];    while    (resultSet.size()    <    k)    {            int    sum    =    0;    for    (int    i    =    0;    i    <    pointSet.size();    i++)    {    final    T    p    =    pointSet.get(i);    final    Cluster<T>    nearest    =    getNearestCluster(resultSet,    p);    final    double    d    =    p.distanceFrom(nearest.getCenter());    sum    +=    d    *    d;    dx2[i]    =    sum;    }    	double    sum    =    0;    	175	replace
184	Closure_118	buggy:    context:    }    private    void    handleObjectLit(NodeTraversal    t,    Node    n)    {    for    (Node    child    =    n.getFirstChild();    child    !=    null;    child    =    child.getNext())    {    String    name    =    child.getString();    T    type    =    typeSystem.getType(getScope(),    n,    name);    Property    prop    =    getProperty(name);    if    (!prop.scheduleRenaming(child,    	if    (child.isQuotedString())    {    continue;    }    	495	add
3	Chart_3	buggy:    context:    public    TimeSeries    createCopy(int    start,    int    end)    throws    CloneNotSupportedException    {    if    (start    <    0)    {    throw    new    IllegalArgumentException(   "Requires    start    >=    0.   ");    }    if    (end    <    start)    {    throw    new    IllegalArgumentException(   "Requires    start    <=    end.   ");    }    TimeSeries    copy    =    (TimeSeries)    super.clone();    copy.data    =    new    java.util.ArrayList();    if    (this.data.size()    >    0)    {    for    (int    index    =    start;    index    <=    end;    index++)    {    TimeSeriesDataItem    item    =    (TimeSeriesDataItem)    this.data.get(index);    TimeSeriesDataItem    clone    =    (TimeSeriesDataItem)    item.clone();    try    {    copy.add(clone);    	copy.minY    =    Double.NaN;    copy.maxY    =    Double.NaN;    	1057	add
132	Closure_65	buggy:    case    '\0':    sb.append(   "\\0 ");    break;    context:    static    String    strEscape(String    s,    char    quote,    String    doublequoteEscape,    String    singlequoteEscape,    String    backslashEscape,    CharsetEncoder    outputCharsetEncoder)    {    StringBuilder    sb    =    new    StringBuilder(s.length()    +    2);    sb.append(quote);    for    (int    i    =    0;    i    <    s.length();    i++)    {    char    c    =    s.charAt(i);    switch    (c)    {            case    '\0':    sb.append(   "\\0 ");    break;    case    '\n':    sb.append(   "\\n   ");    break;    case    '\r':    sb.append(   "\\r   ");    break;    case    '\t':    sb.append(   "\\t   ");    break;    case    '\\':    sb.append(backslashEscape);    break;    case    '\   "':    sb.append(doublequoteEscape);    break;    case    '\'':    sb.append(singlequoteEscape);    break;    case    '>':                //    Break    -->    into    --\>    or    ]]>    into    ]]\>    if    (i    >=    2    &&    	case    '\0':    sb.append(   "\\000 ");    break;    	1015	replace
78	Closure_10	buggy:    return    allResultsMatch(n,    MAY_BE_STRING_PREDICATE);    context:    static    boolean    mayBeString(Node    n)    {    return    mayBeString(n,    true);    }    static    boolean    mayBeString(Node    n,    boolean    recurse)    {    if    (recurse)    {        return    allResultsMatch(n,    MAY_BE_STRING_PREDICATE);    }    else    {    return    mayBeStringHelper(n);    }    }    static    boolean    mayBeStringHelper(Node    n)    {    return    !isNumericResult(n)    &&    !isBooleanResult(n)    &&    !isUndefined(n)    &&    !n.isNull();    	return    anyResultsMatch(n,    MAY_BE_STRING_PREDICATE);    	1417	replace
802	Mockito_5	buggy:    catch    (org.mockito.exceptions.verification.junit.ArgumentsAreDifferent    e)    {    context:    delegate.verify(data);    if    (returnOnSuccess)    {    return;    }    else    {    error    =    null;    }    }    catch    (MockitoAssertionError    e)    {    error    =    handleVerifyException(e);    }            catch    (org.mockito.exceptions.verification.junit.ArgumentsAreDifferent    e)    {    error    =    handleVerifyException(e);    }    }    if    (error    !=    null)    {    throw    error;    }    }    	catch    (AssertionError    e)    {    	91	replace
723	Math_58	buggy:    return    fit(new    Gaussian.Parametric(),    guess);    context:    }    public    double[]    fit()    {    final    double[]    guess    =    (new    ParameterGuesser(getObservations())).guess();            return    fit(new    Gaussian.Parametric(),    guess);    }    public    static    class    ParameterGuesser    {    	return    fit(guess);    	121	replace
99	Closure_31	buggy:    !options.skipAllPasses    &&    context:    if    (options.transformAMDToCJSModules    ||    options.processCommonJSModules)    {    processAMDAndCommonJSModules();    }    boolean    staleInputs    =    false;    if    (options.dependencyOptions.needsManagement()    &&        !options.skipAllPasses    &&    options.closurePass)    {    for    (CompilerInput    input    :    inputs)    {    for    (String    provide    :    input.getProvides())    {    getTypeRegistry().forwardDeclareType(provide);    }    }    		1285	replace
706	Math_41	buggy:    for    (int    i    =    0;    i    <    weights.length;    i++)    {    context:    double    accum    =    0.0;    double    dev    =    0.0;    double    accum2    =    0.0;    for    (int    i    =    begin;    i    <    begin    +    length;    i++)    {    dev    =    values[i]    -    mean;    accum    +=    weights[i]    *    (dev    *    dev);    accum2    +=    weights[i]    *    dev;    }    double    sumWts    =    0;            for    (int    i    =    0;    i    <    weights.length;    i++)    {    sumWts    +=    weights[i];    }    if    (isBiasCorrected)    {    var    =    (accum    -    (accum2    *    accum2    /    sumWts))    /    (sumWts    -    1.0);    }    else    {    var    =    (accum    -    (accum2    *    accum2    /    sumWts))    /    sumWts;    }    	for    (int    i    =    begin;    i    <    begin    +    length;    i++)    {    	520	replace
718	Math_53	buggy:    context:    public    Complex    add(Complex    rhs)    throws    NullArgumentException    {    MathUtils.checkNotNull(rhs);    return    createComplex(real    +    rhs.getReal(),    imaginary    +    rhs.getImaginary());    }    	if    (isNaN    ||    rhs.isNaN)    {    return    NaN;    }    	153	add
690	Math_25	buggy:    context:    final    double    y    =    observations[i].getY();    if    (y    <    yMin)    {    yMin    =    y;    }    if    (y    >    yMax)    {    yMax    =    y;    }    }    a    =    0.5    *    (yMax    -    yMin);    }    else    {    a    =    FastMath.sqrt(c1    /    c2);    omega    =    FastMath.sqrt(c2    /    c3);    }    }    	if    (c2    ==    0)    {    throw    new    MathIllegalStateException(LocalizedFormats.ZERO_DENOMINATOR);    }    	323	add
823	Mockito_26	buggy:    primitiveValues.put(double.class,    0);    context:    }    static    {    primitiveValues.put(boolean.class,    false);    primitiveValues.put(char.class,    '\u0000');    primitiveValues.put(byte.class,    (byte)    0);    primitiveValues.put(short.class,    (short)    0);    primitiveValues.put(int.class,    0);    primitiveValues.put(long.class,    0L);    primitiveValues.put(float.class,    0F);            primitiveValues.put(double.class,    0);    }    }    \    No    newline    at    end    of    file    	primitiveValues.put(double.class,    0D);    	66	replace
759	Math_94	buggy:    if    (u    *    v    ==    0)    {    context:    public    static    int    gcd(int    u,    int    v)    {            if    (u    *    v    ==    0)    {    return    (Math.abs(u)    +    Math.abs(v));    }    if    (u    >    0)    {    	if    ((u    ==    0)    ||    (v    ==    0))    {    	412	replace
185	Closure_119	buggy:    context:    case    Token.GETPROP:    return;    case    Token.FUNCTION:    Node    gramps    =    parent.getParent();    if    (gramps    ==    null    ||    NodeUtil.isFunctionExpression(parent))    {    return;    }    isSet    =    true;    type    =    Name.Type.FUNCTION;    break;    case    Token.INC:    case    Token.DEC:    isSet    =    true;    type    =    Name.Type.OTHER;    break;    default:    if    (NodeUtil.isAssignmentOp(parent)    &&    parent.getFirstChild()    ==    n)    {    isSet    =    true;    	case    Token.CATCH:    	366	add
626	Lang_26	buggy:    Calendar    c    =    new    GregorianCalendar(mTimeZone);    context:    return    format(new    Date(millis));    }    public    String    format(Date    date)    {            Calendar    c    =    new    GregorianCalendar(mTimeZone);    c.setTime(date);    return    applyRules(c,    new    StringBuffer(mMaxLengthEstimate)).toString();    }    	Calendar    c    =    new    GregorianCalendar(mTimeZone,    mLocale);    	820	replace
9	Chart_9	buggy:    if    (endIndex    <    0)    {    context:    startIndex    =    -(startIndex    +    1);    if    (startIndex    ==    this.data.size())    {    emptyRange    =    true;    //    start    is    after    last    data    item    }    }    int    endIndex    =    getIndex(end);    if    (endIndex    <    0)    {            //    end    period    is    not    in    original    series    endIndex    =    -(endIndex    +    1);    //    this    is    first    item    AFTER    end    period    endIndex    =    endIndex    -    1;        //    so    this    is    last    item    BEFORE    end    }            if    (endIndex    <    0)    {    emptyRange    =    true;    }    if    (emptyRange)    {    TimeSeries    copy    =    (TimeSeries)    super.clone();    copy.data    =    new    java.util.ArrayList();    return    copy;    }    else    {    	if    ((endIndex    <    0)        ||    (endIndex    <    startIndex))    {    	944	replace
821	Mockito_24	buggy:    return    1;    context:    MockName    name    =    mockUtil.getMockName(mock);    if    (name.isDefault())    {    return       "Mock    for       "    +    mockUtil.getMockSettings(mock).getTypeToMock().getSimpleName()    +       ",    hashCode:       "    +    mock.hashCode();    }    else    {    return    name.toString();    }    }    else    if    (methodsGuru.isCompareToMethod(invocation.getMethod()))    {            return    1;    }    Class<?>    returnType    =    invocation.getMethod().getReturnType();    return    returnValueFor(returnType);    }    Object    returnValueFor(Class<?>    type)    {    if    (Primitives.isPrimitiveOrWrapper(type))    {    	return    invocation.getMock()    ==    invocation.getArguments()[0]    ?    0    :    1;    	76	replace
728	Math_63	buggy:    return    (Double.isNaN(x)    &&    Double.isNaN(y))    ||    x    ==    y;    context:    public    static    boolean    equals(double    x,    double    y)    {            return    (Double.isNaN(x)    &&    Double.isNaN(y))    ||    x    ==    y;    }    	return    equals(x,    y,    1);    	417	replace
196	Closure_130	buggy:    if    (name.globalSets    ==    1    &&    name.localSets    ==    0    &&    context:    Deque<Name>    workList    =    new    ArrayDeque<Name>(namespace.getNameForest());    while    (!workList.isEmpty())    {    Name    name    =    workList.pop();    if    (name.type    ==    Name.Type.GET    ||    name.type    ==    Name.Type.SET)    {    continue;    }        if    (name.globalSets    ==    1    &&    name.localSets    ==    0    &&    name.aliasingGets    >    0)    {    List<Ref>    refs    =    Lists.newArrayList(name.getRefs());    for    (Ref    ref    :    refs)    {    if    (ref.type    ==    Type.ALIASING_GET    &&    ref.scope.isLocal())    {    if    (inlineAliasIfPossible(ref,    namespace))    {    	if    (!name.inExterns    &&    name.globalSets    ==    1    &&    name.localSets    ==    0    &&    	172	replace
153	Closure_86	buggy:    return    true;    context:    return    locals.apply(value);    case    Token.CALL:    return    callHasLocalResult(value)    ||    isToStringMethodCall(value)    ||    locals.apply(value);    case    Token.NEW:            return    true;    case    Token.FUNCTION:    case    Token.REGEXP:    case    Token.ARRAYLIT:    case    Token.OBJECTLIT:    return    true;    case    Token.IN:    	return    false;    	2465	replace
8	Chart_8	buggy:    this(time,    RegularTimePeriod.DEFAULT_TIME_ZONE,    Locale.getDefault());    context:    public    Week(Date    time,    TimeZone    zone)    {            this(time,    RegularTimePeriod.DEFAULT_TIME_ZONE,    Locale.getDefault());    }    	this(time,    zone,    Locale.getDefault());    	175	replace
82	Closure_14	buggy:    cfa.createEdge(fromNode,    Branch.UNCOND,    finallyNode);    context:    }    else    if    (NodeUtil.getCatchBlock(parent)    ==    node){    if    (NodeUtil.hasFinally(parent))    {    //    and    have    FINALLY    block.    return    computeFallThrough(node.getNext());    }    else    {    return    computeFollowNode(fromNode,    parent,    cfa);    }    }    else    if    (parent.getLastChild()    ==    node){    if    (cfa    !=    null)    {    for    (Node    finallyNode    :    cfa.finallyMap.get(parent))    {                cfa.createEdge(fromNode,    Branch.UNCOND,    finallyNode);    }    }    return    computeFollowNode(fromNode,    parent,    cfa);    }    }    	cfa.createEdge(fromNode,    Branch.ON_EX,    finallyNode);    	767	replace
825	Mockito_28	buggy:    mockCandidateFilter.filterCandidate(mocks,    field,    fieldInstance).thenInject();    context:    Class<?>    fieldClass    =    injectMocksFieldInstance.getClass();    while    (fieldClass    !=    Object.class)    {    injectMockCandidate(fieldClass,    mocksToBeInjected,    injectMocksFieldInstance);    fieldClass    =    fieldClass.getSuperclass();    }    }    }    private    void    injectMockCandidate(Class<?>    awaitingInjectionClazz,    Set<Object>    mocks,    Object    fieldInstance)    {    for(Field    field    :    orderedInstanceFieldsFrom(awaitingInjectionClazz))    {            mockCandidateFilter.filterCandidate(mocks,    field,    fieldInstance).thenInject();    }    }    private    Field[]    orderedInstanceFieldsFrom(Class<?>    awaitingInjectionClazz)    {    Field[]    declaredFields    =    awaitingInjectionClazz.getDeclaredFields();    Arrays.sort(declaredFields,    supertypesLast);    return    declaredFields;    	Object    injected    =    mockCandidateFilter.filterCandidate(mocks,    field,    fieldInstance).thenInject();    mocks.remove(injected);    	93	replace
138	Closure_71	buggy:    boolean    isOverride    =    t.inGlobalScope()    &&    context:    private    void    checkPropertyVisibility(NodeTraversal    t,    Node    getprop,    Node    parent)    {    ObjectType    objectType    =    ObjectType.cast(dereference(getprop.getFirstChild().getJSType()));    String    propertyName    =    getprop.getLastChild().getString();    if    (objectType    !=    null)    {        boolean    isOverride    =    t.inGlobalScope()    &&    parent.getType()    ==    Token.ASSIGN    &&    parent.getFirstChild()    ==    getprop;    if    (isOverride)    {    objectType    =    objectType.getImplicitPrototype();    }    	boolean    isOverride    =    parent.getJSDocInfo()    !=    null    &&    	416	replace
715	Math_50	buggy:    if    (x    ==    x1)    {    x0    =    0.5    *    (x0    +    x1    -    FastMath.max(rtol    *    FastMath.abs(x1),    atol));    f0    =    computeObjectiveValue(x0);    }    context:    }    else    {    switch    (method)    {    case    ILLINOIS:    f0    *=    0.5;    break;    case    PEGASUS:    f0    *=    f1    /    (f1    +    fx);    break;    case    REGULA_FALSI:                    if    (x    ==    x1)    {                    x0    =    0.5    *    (x0    +    x1    -    FastMath.max(rtol    *    FastMath.abs(x1),    atol));                    f0    =    computeObjectiveValue(x0);                    }    break;    default:    throw    new    MathInternalError();    }    }    		187	replace
13	Chart_13	buggy:    new    Range(0.0,    constraint.getWidth()    -    w[2]),    context:    RectangleConstraint    c3    =    new    RectangleConstraint(0.0,    new    Range(0.0,    constraint.getWidth()),    LengthConstraintType.RANGE,    h[2],    null,    LengthConstraintType.FIXED);    Size2D    size    =    this.leftBlock.arrange(g2,    c3);    w[2]    =    size.width;    }    h[3]    =    h[2];    if    (this.rightBlock    !=    null)    {    RectangleConstraint    c4    =    new    RectangleConstraint(0.0,                    new    Range(0.0,    constraint.getWidth()    -    w[2]),    LengthConstraintType.RANGE,    h[2],    null,    LengthConstraintType.FIXED);    Size2D    size    =    this.rightBlock.arrange(g2,    c4);    w[3]    =    size.width;    }    h[4]    =    h[2];    w[4]    =    constraint.getWidth()    -    w[3]    -    w[2];    RectangleConstraint    c5    =    new    RectangleConstraint(w[4],    h[4]);    	new    Range(0.0,    Math.max(constraint.getWidth()    -    w[2],    0.0)),    	455	replace
790	Time_19	buggy:    }    else    if    (offsetLocal    >    0)    {    context:    if    ((offsetLocal    -    offsetAdjusted)    <    0)    {    long    nextLocal    =    nextTransition(instantAdjusted);    long    nextAdjusted    =    nextTransition(instantLocal    -    offsetAdjusted);    if    (nextLocal    !=    nextAdjusted)    {    return    offsetLocal;    }    }            }    else    if    (offsetLocal    >    0)    {    long    prev    =    previousTransition(instantAdjusted);    if    (prev    <    instantAdjusted)    {    int    offsetPrev    =    getOffset(prev);    int    diff    =    offsetPrev    -    offsetLocal;    if    (instantAdjusted    -    prev    <=    diff)    {    return    offsetPrev;    }    }    	}    else    if    (offsetLocal    >=    0)    {    	900	replace
1	Chart_1	buggy:    if    (dataset    !=    null)    {    context:    public    LegendItemCollection    getLegendItems()    {    LegendItemCollection    result    =    new    LegendItemCollection();    if    (this.plot    ==    null)    {    return    result;    }    int    index    =    this.plot.getIndexOf(this);    CategoryDataset    dataset    =    this.plot.getDataset(index);            if    (dataset    !=    null)    {    return    result;    }    int    seriesCount    =    dataset.getRowCount();    if    (plot.getRowRenderingOrder().equals(SortOrder.ASCENDING))    {    for    (int    i    =    0;    i    <    seriesCount;    i++)    {    if    (isSeriesVisibleInLegend(i))    {    LegendItem    item    =    getLegendItem(index,    i);    if    (item    !=    null)    {    	if    (dataset    ==    null)    {    	1797	replace
638	Lang_38	buggy:    context:    public    StringBuffer    format(Calendar    calendar,    StringBuffer    buf)    {    if    (mTimeZoneForced)    {    calendar    =    (Calendar)    calendar.clone();    calendar.setTimeZone(mTimeZone);    }    return    applyRules(calendar,    buf);    }    	calendar.getTime();    ///    LANG-538    	872	add
661	Lang_61	buggy:    int    len    =    thisBuf.length    -    strLen;    context:    if    (strLen    ==    1)    {    return    indexOf(str.charAt(0),    startIndex);    }    if    (strLen    ==    0)    {    return    startIndex;    }    if    (strLen    >    size)    {    return    -1;    }    char[]    thisBuf    =    buffer;            int    len    =    thisBuf.length    -    strLen;    outer:    for    (int    i    =    startIndex;    i    <    len;    i++)    {    for    (int    j    =    0;    j    <    strLen;    j++)    {    if    (str.charAt(j)    !=    thisBuf[i    +    j])    {    continue    outer;    }    }    return    i;    	int    len    =    size    -    strLen    +    1;    	1776	replace
144	Closure_77	buggy:    context:    static    String    strEscape(String    s,    char    quote,    String    doublequoteEscape,    String    singlequoteEscape,    String    backslashEscape,    CharsetEncoder    outputCharsetEncoder)    {    StringBuilder    sb    =    new    StringBuilder(s.length()    +    2);    sb.append(quote);    for    (int    i    =    0;    i    <    s.length();    i++)    {    char    c    =    s.charAt(i);    switch    (c)    {    case    '\n':    sb.append(   "\\n   ");    break;    case    '\r':    sb.append(   "\\r   ");    break;    case    '\t':    sb.append(   "\\t   ");    break;    case    '\\':    sb.append(backslashEscape);    break;    case    '\   "':    sb.append(doublequoteEscape);    break;    case    '\'':    sb.append(singlequoteEscape);    break;    case    '>':                //    Break    -->    into    --\>    or    ]]>    into    ]]\>    if    (i    >=    2    &&    ((s.charAt(i    -    1)    ==    '-'    &&    s.charAt(i    -    2)    ==    '-')    ||    	case    '\0':    sb.append(   "\\0 ");    break;    	966	add
73	Closure_5	buggy:    context:    if    (parent.isGetProp())    {    Preconditions.checkState(parent.getFirstChild()    ==    name);    if    (gramps.isCall()    &&    gramps.getFirstChild()    ==    parent)    {    return    false;    }    	if    (gramps.isDelProp())    {    return    false;    }    	176	add
180	Closure_114	buggy:    }    else    {    context:    if    (parent.getFirstChild().getNext()    !=    n)    {    recordDepScope(recordNode,    ns);    }    else    {    recordDepScope(nameNode,    ns);    }            }    else    {    recordDepScope(recordNode,    ns);    }    	}    else    if    (!(parent.isCall()    &&    parent.getFirstChild()    ==    n))    {    	578	replace
775	Time_4	buggy:    Partial    newPartial    =    new    Partial(iChronology,    newTypes,    newValues);    context:    }    }    System.arraycopy(iTypes,    0,    newTypes,    0,    i);    System.arraycopy(iValues,    0,    newValues,    0,    i);    newTypes[i]    =    fieldType;    newValues[i]    =    value;    System.arraycopy(iTypes,    i,    newTypes,    i    +    1,    newTypes.length    -    i    -    1);    System.arraycopy(iValues,    i,    newValues,    i    +    1,    newValues.length    -    i    -    1);            Partial    newPartial    =    new    Partial(iChronology,    newTypes,    newValues);    iChronology.validate(newPartial,    newValues);    return    newPartial;    }    if    (value    ==    getValue(index))    {    return    this;    }    int[]    newValues    =    getValues();    newValues    =    getField(index).set(this,    index,    newValues,    value);    	Partial    newPartial    =    new    Partial(newTypes,    newValues,    iChronology);    	464	replace
191	Closure_125	buggy:    if    (fnType    !=    null)    {    context:    }    private    void    visitNew(NodeTraversal    t,    Node    n)    {    Node    constructor    =    n.getFirstChild();    JSType    type    =    getJSType(constructor).restrictByNotNullOrUndefined();    if    (type.isConstructor()    ||    type.isEmptyType()    ||    type.isUnknownType())    {    FunctionType    fnType    =    type.toMaybeFunctionType();        if    (fnType    !=    null)    {    visitParameterList(t,    n,    fnType);    ensureTyped(t,    n,    fnType.getInstanceType());    }    else    {    ensureTyped(t,    n);    }    }    else    {    report(t,    n,    NOT_A_CONSTRUCTOR);    ensureTyped(t,    n);    	if    (fnType    !=    null    &&    fnType.hasInstanceType())    {    	1661	replace
69	Closure_1	buggy:    context:    private  final  boolean  removeGlobals;    private    void    removeUnreferencedFunctionArgs(Scope    fnScope)    {    Node    function    =    fnScope.getRootNode();    Preconditions.checkState(function.isFunction());    if    (NodeUtil.isGetOrSetKey(function.getParent()))    {    return;    	if    (!removeGlobals)    {    return;    }    	379	add
616	Lang_16	buggy:    if    (str.startsWith(   "0x   ")    ||    str.startsWith(   "-0x   "))    {    context:    if    (StringUtils.isBlank(str))    {    throw    new    NumberFormatException(   "A    blank    string    is    not    a    valid    number   ");    }    if    (str.startsWith(   "--   "))    {    return    null;    }            if    (str.startsWith(   "0x   ")    ||    str.startsWith(   "-0x   "))    {    return    createInteger(str);    }    char    lastChar    =    str.charAt(str.length()    -    1);    String    mant;    String    dec;    String    exp;    int    decPos    =    str.indexOf('.');    int    expPos    =    str.indexOf('e')    +    str.indexOf('E')    +    1;    	if    (str.startsWith(   "0x   ")    ||    str.startsWith(   "-0x   ")    ||    str.startsWith(   "0X   ")    ||    str.startsWith(   "-0X   "))    {    	458	replace
692	Math_27	buggy:    return    multiply(100).doubleValue();    context:    public    double    percentageValue()    {            return    multiply(100).doubleValue();    }    	return    100    *    doubleValue();    	597	replace
787	Time_16	buggy:    instantLocal,    chrono,    iLocale,    iPivotYear,    iDefaultYear);    context:    if    (instant    ==    null)    {    throw    new    IllegalArgumentException(   "Instant    must    not    be    null   ");    }    long    instantMillis    =    instant.getMillis();    Chronology    chrono    =    instant.getChronology();    long    instantLocal    =    instantMillis    +    chrono.getZone().getOffset(instantMillis);    chrono    =    selectChronology(chrono);    DateTimeParserBucket    bucket    =    new    DateTimeParserBucket(            instantLocal,    chrono,    iLocale,    iPivotYear,    iDefaultYear);    int    newPos    =    parser.parseInto(bucket,    text,    position);    instant.setMillis(bucket.computeMillis(false,    text));    if    (iOffsetParsed    &&    bucket.getOffsetInteger()    !=    null)    {    int    parsedOffset    =    bucket.getOffsetInteger();    DateTimeZone    parsedZone    =    DateTimeZone.forOffsetMillis(parsedOffset);    chrono    =    chrono.withZone(parsedZone);    }    else    if    (bucket.getZone()    !=    null)    {    chrono    =    chrono.withZone(bucket.getZone());    	instantLocal,    chrono,    iLocale,    iPivotYear,    chrono.year().get(instantLocal));    	709	replace
20	Chart_20	buggy:    super(paint,    stroke,    paint,    stroke,    alpha);    context:    public    ValueMarker(double    value,    Paint    paint,    Stroke    stroke,    Paint    outlinePaint,    Stroke    outlineStroke,    float    alpha)    {            super(paint,    stroke,    paint,    stroke,    alpha);    this.value    =    value;    }    	super(paint,    stroke,    outlinePaint,    outlineStroke,    alpha);    	95	replace
79	Closure_11	buggy:    }    else    if    (n.getJSType()    !=    null    &&    parent.isAssign())    {    return;    context:    Node    property    =    n.getLastChild();    Node    objNode    =    n.getFirstChild();    JSType    childType    =    getJSType(objNode);    if    (childType.isDict())    {    report(t,    property,    TypeValidator.ILLEGAL_PROPERTY_ACCESS,       "'.'   ",       "dict   ");    }    else    if    (n.getJSType()    !=    null    &&    parent.isAssign())    {        return;    }    else    if    (validator.expectNotNullOrUndefined(t,    n,    childType,       "No    properties    on    this    expression   ",    getNativeType(OBJECT_TYPE)))    {    checkPropertyAccess(childType,    property.getString(),    t,    n);    }    ensureTyped(t,    n);    }    		1314	replace
713	Math_48	buggy:    context:    switch    (method)    {    case    ILLINOIS:    f0    *=    0.5;    break;    case    PEGASUS:    f0    *=    f1    /    (f1    +    fx);    break;    case    REGULA_FALSI:    break;    default:    throw    new    MathInternalError();    }    }    	if    (x    ==    x1)    {    throw    new    ConvergenceException();    }    	189	add
629	Lang_29	buggy:    static    float    toJavaVersionInt(String    version)    {    context:    static    float    toJavaVersionInt(String    version)    {    return    toVersionInt(toJavaVersionIntArray(version,    JAVA_VERSION_TRIM_SIZE));    }    	static    int    toJavaVersionInt(String    version)    {    	1672	replace
750	Math_85	buggy:    if    (fa    *    fb    >=    0.0    )    {    context:    do    {    a    =    Math.max(a    -    1.0,    lowerBound);    b    =    Math.min(b    +    1.0,    upperBound);    fa    =    function.value(a);    fb    =    function.value(b);    numIterations++    ;    }    while    ((fa    *    fb    >    0.0)    &&    (numIterations    <    maximumIterations)    &&    ((a    >    lowerBound)    ||    (b    <    upperBound)));            if    (fa    *    fb    >=    0.0    )    {    throw    new    ConvergenceException(       "number    of    iterations={0},    maximum    iterations={1},       "    +       "initial={2},    lower    bound={3},    upper    bound={4},    final    a    value={5},       "    +       "final    b    value={6},    f(a)={7},    f(b)={8}   ",    numIterations,    maximumIterations,    initial,    lowerBound,    upperBound,    a,    b,    fa,    fb);    }    	if    (fa    *    fb    >    0.0    )    {    	198	replace
611	Lang_11	buggy:    context:    if    (chars    !=    null)    {    end    =    chars.length;    }    else    {    if    (!letters    &&    !numbers)    {    end    =    Integer.MAX_VALUE;    }    else    {    end    =    'z'    +    1;    start    =    '    ';    }    }    }    char[]    buffer    =    new    char[count];    int    gap    =    end    -    start;    while    (count--    !=    0)    {    	}    else    {    if    (end    <=    start)    {    throw    new    IllegalArgumentException(   "Parameter    end    (   "    +    end    +       ")    must    be    greater    than    start    (   "    +    start    +       ")   ");    }    	245	add
192	Closure_126	buggy:    if    (NodeUtil.hasFinally(n))    {    Node    finallyBlock    =    n.getLastChild();    tryMinimizeExits(finallyBlock,    exitType,    labelName);    }    context:    if    (NodeUtil.hasCatchHandler(allCatchNodes))    {    Preconditions.checkState(allCatchNodes.hasOneChild());    Node    catchNode    =    allCatchNodes.getFirstChild();    Node    catchCodeBlock    =    catchNode.getLastChild();    tryMinimizeExits(catchCodeBlock,    exitType,    labelName);    }        if    (NodeUtil.hasFinally(n))    {            Node    finallyBlock    =    n.getLastChild();            tryMinimizeExits(finallyBlock,    exitType,    labelName);        }    }    if    (n.isLabel())    {    Node    labelBlock    =    n.getLastChild();    tryMinimizeExits(labelBlock,    exitType,    labelName);    		141	replace
633	Lang_33	buggy:    classes[i]    =    array[i].getClass();    context:    public    static    Class<?>[]    toClass(Object[]    array)    {    if    (array    ==    null)    {    return    null;    }    else    if    (array.length    ==    0)    {    return    ArrayUtils.EMPTY_CLASS_ARRAY;    }    Class<?>[]    classes    =    new    Class[array.length];    for    (int    i    =    0;    i    <    array.length;    i++)    {            classes[i]    =    array[i].getClass();    }    return    classes;    }    	classes[i]    =    array[i]    ==    null    ?    null    :    array[i].getClass();    	910	replace
667	Math_2	buggy:    return    (double)    (getSampleSize()    *    getNumberOfSuccesses())    /    (double)    getPopulationSize();    context:    return    ret;    }    public    double    getNumericalMean()    {            return    (double)    (getSampleSize()    *    getNumberOfSuccesses())    /    (double)    getPopulationSize();    }    	return    getSampleSize()    *    (getNumberOfSuccesses()    /    (double)    getPopulationSize());    	268	replace
170	Closure_104	buggy:    if    (result    !=    null)    {    context:    if    (that    instanceof    UnionType)    {    for    (JSType    otherAlternate    :    ((UnionType)    that).alternates)    {    if    (otherAlternate.isSubtype(this))    {    builder.addAlternate(otherAlternate);    }    }    }    else    if    (that.isSubtype(this))    {    builder.addAlternate(that);    }    JSType    result    =    builder.build();    if    (result    !=    null)    {    return    result;    }    else    if    (this.isObject()    &&    that.isObject())    {    return    getNativeType(JSTypeNative.NO_OBJECT_TYPE);    }    else    {    return    getNativeType(JSTypeNative.NO_TYPE);    }    }    	if    (!result.isNoType())    {    	291	replace
195	Closure_129	buggy:    context:    private    void    annotateCalls(Node    n)    {    Preconditions.checkState(n.isCall());    Node    first    =    n.getFirstChild();    if    (!NodeUtil.isGet(first))    {    n.putBooleanProp(Node.FREE_CALL,    true);    }    	while    (first.isCast())    {    first    =    first.getFirstChild();    }    	166	add
804	Mockito_7	buggy:    context:    }    private    void    readTypeParameters()    {    registerTypeParametersOn(typeParameters);    }    private    void    readTypeVariables()    {    for    (Type    type    :    typeVariable.getBounds())    {    registerTypeVariablesOn(type);    }    registerTypeVariablesOn(getActualTypeArgumentFor(typeVariable));    }    public    Class<?>    rawType()    {    if    (rawType    ==    null)    {    rawType    =    extractRawTypeOf(typeVariable);    }    return    rawType;    	registerTypeParametersOn(new    TypeVariable[]    {    typeVariable    });    	379	add
675	Math_10	buggy:    context:    atan(tmp1,    0,    tmp2,    0);                    //    atan(y    /    (r    -    x))    result[resultOffset]    =    ((tmp2[0]    <=    0)    ?    -FastMath.PI    :    FastMath.PI)    -    2    *    tmp2[0];    //    +/-pi    -    2    *    atan(y    /    (r    -    x))    for    (int    i    =    1;    i    <    tmp2.length;    ++i)    {    result[resultOffset    +    i]    =    -2    *    tmp2[i];    //    +/-pi    -    2    *    atan(y    /    (r    -    x))    }    }    }    	result[resultOffset]    =    FastMath.atan2(y[yOffset],    x[xOffset]);    	1419	add
106	Closure_38	buggy:    if    (x    <    0    &&    prev    ==    '-')    {    context:     void    addNumber(double    x)    {    char    prev    =    getLastChar();    boolean    negativeZero    =    isNegativeZero(x);    if    (x    <    0    &&    prev    ==    '-')    {    add("   ");   }    if    ((long)    x    ==    x    &&    !negativeZero)    {    long    value    =    (long)    x;    long    mantissa    =    value;    int    exp    =    0;    if    (Math.abs(x)    >=    100)    {    	if    ((x    <    0    ||    negativeZero)    &&    prev    ==    '-')    {    	245	replace
805	Mockito_8	buggy:    }    else    {    context:    }    ParameterizedType    parameterizedType    =    (ParameterizedType)    classType;    TypeVariable[]    typeParameters    =    ((Class<?>)    parameterizedType.getRawType()).getTypeParameters();    Type[]    actualTypeArguments    =    parameterizedType.getActualTypeArguments();    for    (int    i    =    0;    i    <    actualTypeArguments.length;    i++)    {    TypeVariable    typeParameter    =    typeParameters[i];    Type    actualTypeArgument    =    actualTypeArguments[i];    if    (actualTypeArgument    instanceof    WildcardType)    {    contextualActualTypeParameters.put(typeParameter,    boundsOf((WildcardType)    actualTypeArgument));            }    else    {    contextualActualTypeParameters.put(typeParameter,    actualTypeArgument);    }    }    }    protected    void    registerTypeParametersOn(TypeVariable[]    typeParameters)    {    for    (TypeVariable    typeVariable    :    typeParameters)    {    	}    else    if    (typeParameter    !=    actualTypeArgument)    {    	79	replace
698	Math_33	buggy:    if    (Precision.compareTo(entry,    0d,    maxUlps)    >    0)    {    context:   constraints  restrictToNonNegative   columnLabels  numDecisionVariables    numSlackVariables     epsilon    maxUlps       if    (getNumObjectiveFunctions()    ==    1)    {    return;    }    List<Integer>    columnsToDrop    =    new    ArrayList<Integer>();    columnsToDrop.add(0);    for    (int    i    =    getNumObjectiveFunctions();    i    <    getArtificialVariableOffset();    i++)    {    final    double    entry    =    tableau.getEntry(0,    i);            if    (Precision.compareTo(entry,    0d,    maxUlps)    >    0)    {    columnsToDrop.add(i);    }    }    for    (int    i    =    0;    i    <    getNumArtificialVariables();    i++)    {    int    col    =    i    +    getArtificialVariableOffset();    if    (getBasicRow(col)    ==    null)    {    	if    (Precision.compareTo(entry,    0d,    epsilon)    >    0)    {    	338	replace
159	Closure_92	buggy:    int    indexOfDot    =    namespace.indexOf('.');    context:    }    }    }    else    {    replacementNode    =    createDeclarationNode();    if    (firstModule    ==    minimumModule)    {    firstNode.getParent().addChildBefore(replacementNode,    firstNode);    }    else    {        int    indexOfDot    =    namespace.indexOf('.');    if    (indexOfDot    ==    -1)    {    compiler.getNodeForCodeInsertion(minimumModule)    .addChildToBack(replacementNode);    }    else    {    ProvidedName    parentName    =    providedNames.get(namespace.substring(0,    indexOfDot));    	int    indexOfDot    =    namespace.lastIndexOf('.');    	789	replace
133	Closure_66	buggy:    context:    break;    case    Token.NUMBER:    ensureTyped(t,    n,    NUMBER_TYPE);    break;    case    Token.STRING:    if    (!NodeUtil.isObjectLitKey(n,    n.getParent()))    {    ensureTyped(t,    n,    STRING_TYPE);    }    break;    case    Token.GET:    case    Token.SET:    break;    	}    else    {    typeable    =    false;    	516	add
88	Closure_20	buggy:    if    (value    !=    null)    {    context:    Node    callTarget    =    n.getFirstChild();    if    (callTarget    !=    null    &&    callTarget.isName()    &&    callTarget.getString().equals(   "String   "))    {    Node    value    =    callTarget.getNext();        if    (value    !=    null)    {    Node    addition    =    IR.add(    IR.string(   "   ").srcref(callTarget),    value.detachFromParent());    n.getParent().replaceChild(n,    addition);    reportCodeChange();    return    addition;    }    	if    (value    !=    null    &&    value.getNext()    ==    null    &&    NodeUtil.isImmutableValue(value))    {    	220	replace
120	Closure_52	buggy:    return    len    >    0;    context:    }    static    boolean    isSimpleNumber(String    s)    {    int    len    =    s.length();    for    (int    index    =    0;    index    <    len;    index++)    {    char    c    =    s.charAt(index);    if    (c    <    '0'    ||    c    >    '9')    {    return    false;    }    }    return    len    >    0;    }    static    double    getSimpleNumber(String    s)    {    if    (isSimpleNumber(s))    {    try    {    long    l    =    Long.parseLong(s);    if    (l    <    NodeUtil.MAX_POSITIVE_INTEGER_NUMBER)    {    return    l;    	return    len    >    0    &&    s.charAt(0)    !=    '0';    	745	replace
658	Lang_58	buggy:    &&    isDigits(numeric.substring(1))    &&    (numeric.charAt(0)    ==    '-'    ||    Character.isDigit(numeric.charAt(0))))    {    context:    exp    =    null;    }    String    numeric    =    str.substring(0,    str.length()    -    1);    boolean    allZeros    =    isAllZeros(mant)    &&    isAllZeros(exp);    switch    (lastChar)    {    case    'l'    :    case    'L'    :    if    (dec    ==    null    &&    exp    ==    null                    &&    isDigits(numeric.substring(1))                    &&    (numeric.charAt(0)    ==    '-'    ||    Character.isDigit(numeric.charAt(0))))    {    try    {    return    createLong(numeric);    }    catch    (NumberFormatException    nfe)    {    }    return    createBigInteger(numeric);    	&&    (numeric.charAt(0)    ==    '-'    &&    isDigits(numeric.substring(1))    ||    isDigits(numeric)))    {    	454	replace
123	Closure_55	buggy:    return    NodeUtil.isFunctionExpression(n);    context:    public    Node    parseHelperCode(Reducer    reducer)    {    Node    root    =    compiler.parseSyntheticCode(    reducer.getClass().toString()    +       ":helper   ",    reducer.getHelperSource());    return    (root    !=    null)    ?    root.removeFirstChild()    :    null;    }    private    static    boolean    isReduceableFunctionExpression(Node    n)    {    return    NodeUtil.isFunctionExpression(n);    }    private    class    Reduction    {    private    final    Node    parent;    	return    NodeUtil.isFunctionExpression(n)    &&    !NodeUtil.isGetOrSetKey(n.getParent());    	117	replace
199	Closure_133	buggy:    context:    next();    }    }    }    private    String    getRemainingJSDocLine()    {    String    result    =    stream.getRemainingJSDocLine();    return    result;    }    private    boolean    hasParsedFileOverviewDocInfo()    {    return    jsdocBuilder.isPopulatedWithFileOverview();    	unreadToken    =    NO_UNREAD_TOKEN;    	2401	add
724	Math_59	buggy:    return    (a    <=    b)    ?    b    :    (Float.isNaN(a    +    b)    ?    Float.NaN    :    b);    context:    public    static    long    max(final    long    a,    final    long    b)    {    return    (a    <=    b)    ?    b    :    a;    }    public    static    float    max(final    float    a,    final    float    b)    {            return    (a    <=    b)    ?    b    :    (Float.isNaN(a    +    b)    ?    Float.NaN    :    b);    }    public    static    double    max(final    double    a,    final    double    b)    {    	return    (a    <=    b)    ?    b    :    (Float.isNaN(a    +    b)    ?    Float.NaN    :    a);    	3482	replace
835	Mockito_38	buggy:    return    StringDescription.toString(m).equals(arg.toString());    context:    private    boolean    safelyMatches(Matcher    m,    Object    arg)    {    try    {    return    m.matches(arg);    }    catch    (Throwable    t)    {    return    false;    }    }    private    boolean    toStringEquals(Matcher    m,    Object    arg)    {            return    StringDescription.toString(m).equals(arg.toString());    }    }    	return    StringDescription.toString(m).equals(arg    ==    null?       "null   "    :    arg.toString());    	48	replace
125	Closure_57	buggy:    if    (target    !=    null)    {    context:    private    static    String    extractClassNameIfGoog(Node    node,    Node    parent,    String    functionName){    String    className    =    null;    if    (NodeUtil.isExprCall(parent))    {    Node    callee    =    node.getFirstChild();    if    (callee    !=    null    &&    callee.getType()    ==    Token.GETPROP)    {    String    qualifiedName    =    callee.getQualifiedName();    if    (functionName.equals(qualifiedName))    {    Node    target    =    callee.getNext();        if    (target    !=    null)    {    className    =    target.getString();    }    }    }    }    return    className;    }    	if    (target    !=    null    &&    target.getType()    ==    Token.STRING)    {    	197	replace
770	Math_105	buggy:    return    sumYY    -    sumXY    *    sumXY    /    sumXX;    context:    public    double    getSumSquaredErrors()    {            return    sumYY    -    sumXY    *    sumXY    /    sumXX;    }    	return    Math.max(0d,    sumYY    -    sumXY    *    sumXY    /    sumXX);    	264	replace
127	Closure_59	buggy:    if    (options.checkGlobalThisLevel.isOn())    {    context:    }    else    if    (!options.checkTypes)    {    options.setWarningLevel(    DiagnosticGroup.forType(    RhinoErrorReporter.TYPE_PARSE_ERROR),    CheckLevel.OFF);    }    if    (options.checkGlobalThisLevel.isOn())    {    options.setWarningLevel(    DiagnosticGroups.GLOBAL_THIS,    options.checkGlobalThisLevel);    }    if    (options.getLanguageIn()    ==    LanguageMode.ECMASCRIPT5_STRICT)    {    options.setWarningLevel(    	if    (options.checkGlobalThisLevel.isOn()    &&    !options.disables(DiagnosticGroups.GLOBAL_THIS))    {    	255	replace
769	Math_104	buggy:    private    static    final    double    DEFAULT_EPSILON    =    10e-9;    context:    public    class    Gamma    implements    Serializable    {    private    static    final    long    serialVersionUID    =    -6587513359895466954L;    private    static    final    double    DEFAULT_EPSILON    =    10e-9;    private    static    double[]    lanczos    =    {    0.99999999999999709182,    57.156235665862923517,    59.597960355475491248,    14.136097974741747174,    	private    static    final    double    DEFAULT_EPSILON    =    10e-15;    	37	replace
674	Math_9	buggy:    final    Line    reverted    =    new    Line(zero,    zero.subtract(direction));    context:    throw    new    MathIllegalArgumentException(LocalizedFormats.ZERO_NORM);    }    this.direction    =    new    Vector3D(1.0    /    FastMath.sqrt(norm2),    delta);    zero    =    new    Vector3D(1.0,    p1,    -p1.dotProduct(delta)    /    norm2,    delta);    }    public    Line    revert()    {            final    Line    reverted    =    new    Line(zero,    zero.subtract(direction));    return    reverted;    }    public    Vector3D    getDirection()    {    	final    Line    reverted    =    new    Line(this);    reverted.direction    =    reverted.direction.negate();    	87	replace
649	Lang_49	buggy:    context:    public    Fraction    reduce()    {    int    gcd    =    greatestCommonDivisor(Math.abs(numerator),    denominator);    if    (gcd    ==    1)    {    return    this;    }    return    Fraction.getFraction(numerator    /    gcd,    denominator    /    gcd);    }    	if    (numerator    ==    0)    {    return    equals(ZERO)    ?    this    :    ZERO;    }    	466	add
639	Lang_39	buggy:    context:    return    text;    }    int    start    =    0;    int    increase    =    0;    for    (int    i    =    0;    i    <    searchList.length;    i++)    {    int    greater    =    replacementList[i].length()    -    searchList[i].length();    if    (greater    >    0)    {    increase    +=    3    *    greater;    //    assume    3    matches    }    }    increase    =    Math.min(increase,    text.length()    /    5);    	if    (searchList[i]    ==    null    ||    replacementList[i]    ==    null)    {    continue;    }    	3676	add
12	Chart_12	buggy:    this.dataset    =    dataset;    context:    this(null);    }    public    MultiplePiePlot(CategoryDataset    dataset)    {    super();            this.dataset    =    dataset;    PiePlot    piePlot    =    new    PiePlot(null);    this.pieChart    =    new    JFreeChart(piePlot);    this.pieChart.removeLegend();    this.dataExtractOrder    =    TableOrder.BY_COLUMN;    this.pieChart.setBackgroundPaint(null);    TextTitle    seriesTitle    =    new    TextTitle(   "Series    Title   ",    new    Font(   "SansSerif   ",    Font.BOLD,    12));    seriesTitle.setPosition(RectangleEdge.BOTTOM);    	setDataset(dataset);    	145	replace
657	Lang_57	buggy:    return    cAvailableLocaleSet.contains(locale);    context:    }    public    static    boolean    isAvailableLocale(Locale    locale)    {            return    cAvailableLocaleSet.contains(locale);    }    	return    availableLocaleList().contains(locale);    	223	replace