18	return a.charAt(0) + longest_common_subsequence(a.substring(1), b);	return a.charAt(0) + longest_common_subsequence(a.substring(1), b.substring(1));
18	return a.charAt(0) + longest_common_subsequence(longest_common_subsequence(a.substring(1), b));	return a.charAt(0) + longest_common_subsequence(a.substring(1), b.substring(1));
18	return a.charAt(0) + longest_common_subsequence(a.substring(1), b.substring(1));	return a.charAt(0) + longest_common_subsequence(a.substring(1), b.substring(1));
18	if (a.length() > 0) return a.charAt(0) + longest_common_subsequence(a.substring(1), b);	return a.charAt(0) + longest_common_subsequence(a.substring(1), b.substring(1));
18	if (a.length() > 0) { return a.charAt(0) + longest_common_subsequence(a.substring(1), b); }	return a.charAt(0) + longest_common_subsequence(a.substring(1), b.substring(1));
18	if (a.length() > b.length()) return a.charAt(0) + longest_common_subsequence(a.substring(1), b);	return a.charAt(0) + longest_common_subsequence(a.substring(1), b.substring(1));
18	return a.charAt(0) + longest_common_subsequence(longest_common_subsequence(a.substring(1), b);	return a.charAt(0) + longest_common_subsequence(a.substring(1), b.substring(1));
18	return a.charAt(0) + longest_common_subsequence(a.substring(1), b.toLowerCase());	return a.charAt(0) + longest_common_subsequence(a.substring(1), b.substring(1));
18	return a.charAt(0) + longest_common_subsequence(a.substring(0, b));	return a.charAt(0) + longest_common_subsequence(a.substring(1), b.substring(1));
18	char char = longest_common_subsequence(a.substring(1), b); return a.charAt(0) + char.charAt(0);	return a.charAt(0) + longest_common_subsequence(a.substring(1), b.substring(1));
18	return a.charAt(1) + longest_common_subsequence(a.substring(1), b);	return a.charAt(0) + longest_common_subsequence(a.substring(1), b.substring(1));
18	if (a.isEmpty()) { return a.charAt(0) + longest_common_subsequence(a.substring(1), b); }	return a.charAt(0) + longest_common_subsequence(a.substring(1), b.substring(1));
18	return a.charAt(0) + longest_common_subsequence(a.substring(2), b);	return a.charAt(0) + longest_common_subsequence(a.substring(1), b.substring(1));
18	return a.charAt(0) + longest_common_subsequence(a.substring(1));	return a.charAt(0) + longest_common_subsequence(a.substring(1), b.substring(1));
18	return a.charAt(0) + longest_common_subsequence(a.substring(1), b.charAt(0));	return a.charAt(0) + longest_common_subsequence(a.substring(1), b.substring(1));
18	return a.charAt(0) + longest_common_subsequence(a.substring(1), b).trim();	return a.charAt(0) + longest_common_subsequence(a.substring(1), b.substring(1));
18	return a.charAt(0) + longest_common_subsequence(a.substring(1), b, a.length());	return a.charAt(0) + longest_common_subsequence(a.substring(1), b.substring(1));
18	return a.charAt(0) + longest_common_subsequence(a.substring(1), b.substring(2));	return a.charAt(0) + longest_common_subsequence(a.substring(1), b.substring(1));
18	return a.charAt(0) + longest_common_subsequence(a, b);	return a.charAt(0) + longest_common_subsequence(a.substring(1), b.substring(1));
18	return a.charAt(0) + longest_common_subsequence(a.substring(1), b.length());	return a.charAt(0) + longest_common_subsequence(a.substring(1), b.substring(1));
18	char c = longest_common_subsequence(a.substring(1), b); return a.charAt(0) + c.charAt(0);	return a.charAt(0) + longest_common_subsequence(a.substring(1), b.substring(1));
18	String snd = longest_common_subsequence(a.substring(1), b); return a.charAt(0) + snd.substring(1);	return a.charAt(0) + longest_common_subsequence(a.substring(1), b.substring(1));
18	return a.charAt(0) + longest_common_subsequence(a.substring(1), b.charAt(1));	return a.charAt(0) + longest_common_subsequence(a.substring(1), b.substring(1));
18	.charAt(0) + longest_common_subsequence(a.substring(1), b);	return a.charAt(0) + longest_common_subsequence(a.substring(1), b.substring(1));
18	snd = longest_common_subsequence(a.substring(1), b); return a.charAt(0) + snd;	return a.charAt(0) + longest_common_subsequence(a.substring(1), b.substring(1));
18	return a.charAt(0) + longest_common_subsequence(a.substring(3), b);	return a.charAt(0) + longest_common_subsequence(a.substring(1), b.substring(1));
18	return a.charAt(0) + longest_common_subsequence(a.substring(1), b.substring(1).trim());	return a.charAt(0) + longest_common_subsequence(a.substring(1), b.substring(1));
18	return a.charAt(0) + longest_common_subsequence(a.substring(1), b, b);	return a.charAt(0) + longest_common_subsequence(a.substring(1), b.substring(1));
18	char char = longest_common_subsequence(a.substring(1), b); return a.charAt(0);	return a.charAt(0) + longest_common_subsequence(a.substring(1), b.substring(1));
18	return longest_common_subsequence(a.substring(1), b);	return a.charAt(0) + longest_common_subsequence(a.substring(1), b.substring(1));
22	if (perm.get(j) < perm.get(i+1)) {	if (perm.get(j) > perm.get(i)) {
22	if (perm.get(j) < perm.get(j)) {	if (perm.get(j) > perm.get(i)) {
22	if (perm.get(j) < perm.get(j+1)) {	if (perm.get(j) > perm.get(i)) {
22	if (perm.get(j) < perm.get(i+1)) {	if (perm.get(j) > perm.get(i)) {
22	if (perm.get(j) < perm.get(j)) {	if (perm.get(j) > perm.get(i)) {
22	if (perm.get(j) < perm.get(j+1)) {	if (perm.get(j) > perm.get(i)) {
22	if (next_perm.get(j) < perm.get(i+1)) {	if (perm.get(j) > perm.get(i)) {
22	if (perm.get(i) < perm.get(i+1)) {	if (perm.get(j) > perm.get(i)) {
22	if (perm.get(j) < perm.get(j) && perm.size()>0) {	if (perm.get(j) > perm.get(i)) {
22	if (perm.get(j) < perm.get(j) && perm.size() > i) {	if (perm.get(j) > perm.get(i)) {
22	if (perm.get(j) < perm.get(j) || perm.get(i+1)) {	if (perm.get(j) > perm.get(i)) {
22	if (perm.get(j) > perm.get(i+1)) {	if (perm.get(j) > perm.get(i)) {
22	if (perm.get(j) < perm.get(j-1)) {	if (perm.get(j) > perm.get(i)) {
22	if (perm.get(j) < perm.get(j) + 1) {	if (perm.get(j) > perm.get(i)) {
22	if (perm.get(j) < perm.get(j + 1)) {	if (perm.get(j) > perm.get(i)) {
22	if (perm.get(j) < perm.get(i)) {	if (perm.get(j) > perm.get(i)) {
22	if (perm.get(i+1) < perm.get(i)) {	if (perm.get(j) > perm.get(i)) {
22	if (perm.get(j) < perm.get(j) || perm.get(j+1)) {	if (perm.get(j) > perm.get(i)) {
22	if (perm.get(i+1) < perm.get(j)) {	if (perm.get(j) > perm.get(i)) {
22	if (perm.get(i+1) < perm.get(i+1)) {	if (perm.get(j) > perm.get(i)) {
22	if (perm.get(j) < perm.get(i + 1)) {	if (perm.get(j) > perm.get(i)) {
22	if (perm.get(j) < perm.get(i)) {	if (perm.get(j) > perm.get(i)) {
22	if (perm.get(j) < perm.get(j)+1) {	if (perm.get(j) > perm.get(i)) {
22	if (perm.get(j) > perm.get(i)) {	if (perm.get(j) > perm.get(i)) {
22	if (perm.get(j) < perm.get(j)-1) {	if (perm.get(j) > perm.get(i)) {
22	if (perm.get(j) < perm.get(j-1)) {	if (perm.get(j) > perm.get(i)) {
22	if (next_perm.get(j) < perm.get(i)) {	if (perm.get(j) > perm.get(i)) {
22	if (perm.get(i) < perm.get(i)) {	if (perm.get(j) > perm.get(i)) {
22	if (j < perm.get(i+1)) {	if (perm.get(j) > perm.get(i)) {
22	if (i < perm.get(j)) {	if (perm.get(j) > perm.get(i)) {
30	weight_by_edge.put(edge, update_weight);	weight_by_node.put(edge.get(1), update_weight);
30	weight_by_edge.put(edge.get(0), update_weight);	weight_by_node.put(edge.get(1), update_weight);
30	weight_by_edge.put(edge.get(1), update_weight);	weight_by_node.put(edge.get(1), update_weight);
30	weight_by_edge.put(edge, weight_by_node);	weight_by_node.put(edge.get(1), update_weight);
30	weight_by_edge.put(edge, update_weight_by_node);	weight_by_node.put(edge.get(1), update_weight);
30	weight_by_edge.put(edge.get(0), update_weight);	weight_by_node.put(edge.get(1), update_weight);
30	weight_by_edge.put(weight_by_node, update_weight);	weight_by_node.put(edge.get(1), update_weight);
30	weight_by_edge.put(edge, update_weight.toString());	weight_by_node.put(edge.get(1), update_weight);
30	weight_by_edge.put(edge, update_weight);	weight_by_node.put(edge.get(1), update_weight);
30	weight_by_edge.put(edge, update_weight.get(0));	weight_by_node.put(edge.get(1), update_weight);
30	weight_by_edge.put(edge, update_weight + 1);	weight_by_node.put(edge.get(1), update_weight);
30	weight_by_edge.put(edge, update_weight, 0);	weight_by_node.put(edge.get(1), update_weight);
30	weight_by_edge.put(edge, update_weight & 0xFF);	weight_by_node.put(edge.get(1), update_weight);
30	weight_by_edge.put(edge, update_weight, weight_by_weight);	weight_by_node.put(edge.get(1), update_weight);
30	weight_by_edge.put(edge, update_weight_by);	weight_by_node.put(edge.get(1), update_weight);
30	weight_by_edge.put(edge.get(0), update_weight.get(0));	weight_by_node.put(edge.get(1), update_weight);
30	weight_by_edge.put(edge, update_weight) { }	weight_by_node.put(edge.get(1), update_weight);
30	weight_by_node.put(edge, update_weight);	weight_by_node.put(edge.get(1), update_weight);
30	weight_by_edge.put(edge, update_weight.get(1));	weight_by_node.put(edge.get(1), update_weight);
30	weight_by_edge.put(edge, update_weight_by_weight);	weight_by_node.put(edge.get(1), update_weight);
30	weight_by_edge.put(edge, weight_by_weight);	weight_by_node.put(edge.get(1), update_weight);
30	weight_by_edge.put(edge, update_weight, false);	weight_by_node.put(edge.get(1), update_weight);
30	weight_by_edge.put(edge.get(0), update_weight.get(1));	weight_by_node.put(edge.get(1), update_weight);
30	weight_by_edge.put(edge, update_weight).put(weight);	weight_by_node.put(edge.get(1), update_weight);
30	weight_by_edge.put(edge, 0);	weight_by_node.put(edge.get(1), update_weight);
30	weight_by_edge.put(edge, update_weight).put(edge);	weight_by_node.put(edge.get(1), update_weight);
30	weight_by_edge.put(weight, update_weight);	weight_by_node.put(edge.get(1), update_weight);
30	weight_by_edge.put(edge, update_weight));	weight_by_node.put(edge.get(1), update_weight);
30	weight_by_edge.put(edge, update_weight).add(weight);	weight_by_node.put(edge.get(1), update_weight);
30	weight_by_edge.add(edge, update_weight);	weight_by_node.put(edge.get(1), update_weight);
29	length_by_path.get(Arrays.asList(i,k)) + length_by_path.get(Arrays.asList(j,k)));	length_by_path.get(Arrays.asList(i,k)) + length_by_path.get(Arrays.asList(k,j)));
29	length_by_path.get(Arrays.asList(i,j)) + length_by_path.get(Arrays.asList(j,k)));	length_by_path.get(Arrays.asList(i,k)) + length_by_path.get(Arrays.asList(k,j)));
29	length_by_path.get(Arrays.asList(j,k)) + length_by_path.get(Arrays.asList(j,k)));	length_by_path.get(Arrays.asList(i,k)) + length_by_path.get(Arrays.asList(k,j)));
29	length_by_path.get(Arrays.asList(j,j)) + length_by_path.get(Arrays.asList(j,k)));	length_by_path.get(Arrays.asList(i,k)) + length_by_path.get(Arrays.asList(k,j)));
29	length_by_path.get(Arrays.asList(i,j)) + length_by_path.get(Arrays.asList(j,j)));	length_by_path.get(Arrays.asList(i,k)) + length_by_path.get(Arrays.asList(k,j)));
29	length_by_path.get(Arrays.asList(i,k)), length_by_path.get(Arrays.asList(j,k)));	length_by_path.get(Arrays.asList(i,k)) + length_by_path.get(Arrays.asList(k,j)));
29	length_by_path.get(Arrays.asList(j,i)) + length_by_path.get(Arrays.asList(j,k)));	length_by_path.get(Arrays.asList(i,k)) + length_by_path.get(Arrays.asList(k,j)));
29	length_by_path.get(Arrays.asList(i,k)) + length_by_path.get(Arrays.asList(j,k)));	length_by_path.get(Arrays.asList(i,k)) + length_by_path.get(Arrays.asList(k,j)));
29	length_by_path.get(Arrays.asList(j,k)) + length_by_path.get(Arrays.asList(i,j)));	length_by_path.get(Arrays.asList(i,k)) + length_by_path.get(Arrays.asList(k,j)));
29	length_by_path.get(Arrays.asList(j,k)) + length_by_path.get(Arrays.asList(i,k)));	length_by_path.get(Arrays.asList(i,k)) + length_by_path.get(Arrays.asList(k,j)));
29	length_by_path.get(Arrays.asList(i,j)), length_by_path.get(Arrays.asList(j,k)));	length_by_path.get(Arrays.asList(i,k)) + length_by_path.get(Arrays.asList(k,j)));
29	length_by_path.get(Arrays.asList(j,j)) + length_by_path.get(Arrays.asList(j,j)));	length_by_path.get(Arrays.asList(i,k)) + length_by_path.get(Arrays.asList(k,j)));
29	width_by_path.get(Arrays.asList(i,k)) + width_by_path.get(Arrays.asList(j,k)));	length_by_path.get(Arrays.asList(i,k)) + length_by_path.get(Arrays.asList(k,j)));
29	length_by_path.get(Arrays.asList(i,j)) + length_by_path.get(Arrays.asList(j,k)));	length_by_path.get(Arrays.asList(i,k)) + length_by_path.get(Arrays.asList(k,j)));
29	length_by_path.get(Arrays.asList(j,k)) + length_by_path.get(Arrays.asList(j,k)));	length_by_path.get(Arrays.asList(i,k)) + length_by_path.get(Arrays.asList(k,j)));
29	length_by_path.get(Arrays.asList(j,k)) + length_by_path.get(Arrays.asList(j,j)));	length_by_path.get(Arrays.asList(i,k)) + length_by_path.get(Arrays.asList(k,j)));
29	length_by_path.get(Arrays.asList(i,k)) + length_by_path.get(Arrays.asList(j,k));	length_by_path.get(Arrays.asList(i,k)) + length_by_path.get(Arrays.asList(k,j)));
29	width_by_path.get(Arrays.asList(i,k)) + length_by_path.get(Arrays.asList(j,k)));	length_by_path.get(Arrays.asList(i,k)) + length_by_path.get(Arrays.asList(k,j)));
29	width_by_path.get(Arrays.asList(i,k)) + height_by_path.get(Arrays.asList(j,k)));	length_by_path.get(Arrays.asList(i,k)) + length_by_path.get(Arrays.asList(k,j)));
29	length_by_path.get(Arrays.asList(j,j)) + length_by_path.get(Arrays.asList(i,j)));	length_by_path.get(Arrays.asList(i,k)) + length_by_path.get(Arrays.asList(k,j)));
29	length_by_path.get(Arrays.asList(i,k)) + length_by_path.get(Arrays.asList(i,k)));	length_by_path.get(Arrays.asList(i,k)) + length_by_path.get(Arrays.asList(k,j)));
29	length_by_path.get(Arrays.asList(j,j)) + length_by_path.get(Arrays.asList(j,k)));	length_by_path.get(Arrays.asList(i,k)) + length_by_path.get(Arrays.asList(k,j)));
29	length_by_path.get(Arrays.asList(i,j)) + length_by_path.get(Arrays.asList(j,k));	length_by_path.get(Arrays.asList(i,k)) + length_by_path.get(Arrays.asList(k,j)));
29	.get(Arrays.asList(i,k)) + length_by_path.get(Arrays.asList(j,k)));	length_by_path.get(Arrays.asList(i,k)) + length_by_path.get(Arrays.asList(k,j)));
29	length_by_path.get(Arrays.asList(i,k)) + Arrays.asList(j,k));	length_by_path.get(Arrays.asList(i,k)) + length_by_path.get(Arrays.asList(k,j)));
29	length_by_path.get(Arrays.asList(i,j)) + Arrays.asList(j,k));	length_by_path.get(Arrays.asList(i,k)) + length_by_path.get(Arrays.asList(k,j)));
29	j += length_by_path.get(Arrays.asList(i,k)));	length_by_path.get(Arrays.asList(i,k)) + length_by_path.get(Arrays.asList(k,j)));
29	+ length_by_path.get(Arrays.asList(j,k)));	length_by_path.get(Arrays.asList(i,k)) + length_by_path.get(Arrays.asList(k,j)));
29	length_by_path.get(Arrays.asList(i,k)));	length_by_path.get(Arrays.asList(i,k)) + length_by_path.get(Arrays.asList(k,j)));
29	length_by_path.get(Arrays.asList(i,k)) + Arrays.asList(j,k)));	length_by_path.get(Arrays.asList(i,k)) + length_by_path.get(Arrays.asList(k,j)));
11	steps.add(new Pair < Integer,Integer>(start, helper));	steps.add(new Pair < Integer,Integer>(start, end));
11	steps.add(new Pair < Integer,Integer>(start, helper));	steps.add(new Pair < Integer,Integer>(start, end));
11	.add(new Pair < Integer,Integer>(start, helper));	steps.add(new Pair < Integer,Integer>(start, end));
11	steps.add(new Pair < Integer,Integer>(start, helper, end));	steps.add(new Pair < Integer,Integer>(start, end));
11	step_set.add(new Pair < Integer,Integer>(start, helper));	steps.add(new Pair < Integer,Integer>(start, end));
11	s.add(new Pair < Integer,Integer>(start, helper));	steps.add(new Pair < Integer,Integer>(start, end));
11	steps.add(new Pair < Integer,Integer>(start));	steps.add(new Pair < Integer,Integer>(start, end));
11	steps.add(new Pair < Integer,Integer>(height-1, helper));	steps.add(new Pair < Integer,Integer>(start, end));
11	Steps.add(new Pair < Integer,Integer>(start, helper));	steps.add(new Pair < Integer,Integer>(start, end));
11	steps.add(new Pair < Integer,Integer>(start));	steps.add(new Pair < Integer,Integer>(start, end));
11	n.add(new Pair < Integer,Integer>(start, helper));	steps.add(new Pair < Integer,Integer>(start, end));
11	steps.add(new Pair < Integer,Integer>(start + 1, helper));	steps.add(new Pair < Integer,Integer>(start, end));
11	steps.add(new Pair < Integer,Integer>(start, helper + 1));	steps.add(new Pair < Integer,Integer>(start, end));
11	steps.add(new Pair < Integer,Integer>(start-start, helper));	steps.add(new Pair < Integer,Integer>(start, end));
11	steps.add(new Pair < Integer,Integer>(start, end));	steps.add(new Pair < Integer,Integer>(start, end));
11	steps.add(new Pair < Integer,Integer>(start, helper + 1));	steps.add(new Pair < Integer,Integer>(start, end));
11	steps.add(new Pair < Integer,Integer>(start, helper, start));	steps.add(new Pair < Integer,Integer>(start, end));
11	steps.add(new Pair < Integer,Integer>(0, start, helper));	steps.add(new Pair < Integer,Integer>(start, end));
11	steps.add(new Pair < Integer,Integer>(start, helper-1));	steps.add(new Pair < Integer,Integer>(start, end));
11	steps.add(new Pair < Integer,Integer>(start + 1, helper));	steps.add(new Pair < Integer,Integer>(start, end));
11	steps.add(new Pair < Integer, Integer>(start, helper));	steps.add(new Pair < Integer,Integer>(start, end));
11	steps.add(new Pair < Integer,Integer>(start-1, helper));	steps.add(new Pair < Integer,Integer>(start, end));
11	steps.add(new Pair < Integer,Integer>(start, helper-1));	steps.add(new Pair < Integer,Integer>(start, end));
11	steps.add(new Pair < Integer,Integer>(end, helper));	steps.add(new Pair < Integer,Integer>(start, end));
11	steps.add(new Pair < Integer,Integer>(start, end));	steps.add(new Pair < Integer,Integer>(start, end));
11	.add(new Pair < Integer,Integer>(start));	steps.add(new Pair < Integer,Integer>(start, end));
11	steps.add(new Pair < Integer,Integer>(start, helper, 1));	steps.add(new Pair < Integer,Integer>(start, end));
11	steps.add(new Pair < >(start, helper));	steps.add(new Pair < Integer,Integer>(start, end));
11	steps.add(new Pair < >(start, helper));	steps.add(new Pair < Integer,Integer>(start, end));
11	steps.add(new Pair(start, helper));	steps.add(new Pair < Integer,Integer>(start, end));
27	c = bin_op.apply(a,b);	c = bin_op.apply(b,a);
27	c = bin_op.apply(a,b);	c = bin_op.apply(b,a);
27	c = bin_op.apply((Double) token);	c = bin_op.apply(b,a);
27	c = bin_op.apply((Double) token);	c = bin_op.apply(b,a);
27	c = bin_op.apply(token,b);	c = bin_op.apply(b,a);
27	c = bin_op.apply((Double) token,b);	c = bin_op.apply(b,a);
27	c = bin_op.apply(b,a);	c = bin_op.apply(b,a);
27	c = bin_op.apply(token,b);	c = bin_op.apply(b,a);
27	c = bin_op.apply(b,a);	c = bin_op.apply(b,a);
27	c = bin_op.apply(a + b);	c = bin_op.apply(b,a);
27	c = bin_op.apply(token);	c = bin_op.apply(b,a);
27	c = bin_op.apply((double) a,b);	c = bin_op.apply(b,a);
27	c = bin_op.apply(new Double(a,b));	c = bin_op.apply(b,a);
27	c = bin_op.apply(a + b);	c = bin_op.apply(b,a);
27	c = bin_op.apply(token);	c = bin_op.apply(b,a);
27	c = bin_op.apply(a,b - b);	c = bin_op.apply(b,a);
27	c = bin_op.apply((double) a,b);	c = bin_op.apply(b,a);
27	c = binary_op.apply(a,b);	c = bin_op.apply(b,a);
27	c = bin_op.apply(a,b - b);	c = bin_op.apply(b,a);
27	c = bin_op.apply((Double) a);	c = bin_op.apply(b,a);
27	c = bin_op.apply((Double)token);	c = bin_op.apply(b,a);
27	c = bin_op.apply(b, a);	c = bin_op.apply(b,a);
27	= bin_op.apply(a,b);	c = bin_op.apply(b,a);
27	c = bin_op.get(token);	c = bin_op.apply(b,a);
27	c = bin_op.apply(c,b);	c = bin_op.apply(b,a);
27	c = bin_op.apply(b);	c = bin_op.apply(b,a);
27	c = bin_op.get(token);	c = bin_op.apply(b,a);
27	c = bin_op.apply(a);	c = bin_op.apply(b,a);
27	c = bin_op.apply(b);	c = bin_op.apply(b,a);
27	op.apply(a,b);	c = bin_op.apply(b,a);
24	if (total < 1) {	if (total < 0 ||coins.length==0) {
24	if (total < = 0) {	if (total < 0 ||coins.length==0) {
24	if (total > 0) {	if (total < 0 ||coins.length==0) {
24	if (total < 0 && total > 1) {	if (total < 0 ||coins.length==0) {
24	if (total < 0 || total > 1) {	if (total < 0 ||coins.length==0) {
24	if (total < = 0) {	if (total < 0 ||coins.length==0) {
24	if (total > 0) {	if (total < 0 ||coins.length==0) {
24	if (total < 0 || total < 1) {	if (total < 0 ||coins.length==0) {
24	if (total < 0) {	if (total < 0 ||coins.length==0) {
24	if (total >= 0) {	if (total < 0 ||coins.length==0) {
24	if (total < = 1) {	if (total < 0 ||coins.length==0) {
24	if (total < 0 || total > 1) {	if (total < 0 ||coins.length==0) {
24	if (total < 0 || total == 1) {	if (total < 0 ||coins.length==0) {
24	if (total < 1 || total > 0) {	if (total < 0 ||coins.length==0) {
24	if (total < 1) {	if (total < 0 ||coins.length==0) {
24	if (total < 0 && total < 1) {	if (total < 0 ||coins.length==0) {
24	if (total >= 0) {	if (total < 0 ||coins.length==0) {
24	if (total == 0) {	if (total < 0 ||coins.length==0) {
24	if (total < 1 || total > 1) {	if (total < 0 ||coins.length==0) {
24	if (total < 0) {	if (total < 0 ||coins.length==0) {
24	if (total + 1 < = 0) {	if (total < 0 ||coins.length==0) {
24	if (total == 0) {	if (total < 0 ||coins.length==0) {
24	if (total > 1) {	if (total < 0 ||coins.length==0) {
24	if (total < = 1) {	if (total < 0 ||coins.length==0) {
24	if (total!= 0) {	if (total < 0 ||coins.length==0) {
24	if (total < 2) {	if (total < 0 ||coins.length==0) {
24	if (total < -1) {	if (total < 0 ||coins.length==0) {
24	if (total>0) {	if (total < 0 ||coins.length==0) {
24	if (total < first) {	if (total < 0 ||coins.length==0) {
24	if (total > 1) {	if (total < 0 ||coins.length==0) {
15	if (num_lessoreq >= num_lessoreq) { return kth(above, k); } else { return kth(num_lessoreq, k); }	return kth(above, k-num_lessoreq);
15	if (k >= num_lessoreq) { return kth(above, k); } else { return kth(num_lessoreq, k); }	return kth(above, k-num_lessoreq);
15	if (num_lessoreq > num_lessoreq) { return kth(above, k); } else { return kth(num_lessoreq, k); }	return kth(above, k-num_lessoreq);
15	if (num_lessoreq < num_lessoreq) { return kth(above, k); } else { return kth(num_lessoreq, k); }	return kth(above, k-num_lessoreq);
15	if (num_lessoreq >= num_lessoreq) { return kth(below, k); } else { return kth(num_lessoreq, k); }	return kth(above, k-num_lessoreq);
15	if (k >= num_lessoreq) { return kth(above, k); } else { return kth(below, k); }	return kth(above, k-num_lessoreq);
15	if (num_lessoreq >= above.size()) { return kth(above, k); } else { return kth(num_lessoreq, k); }	return kth(above, k-num_lessoreq);
15	if (num_lessoreq >= num_lessoreq) { return kth(above, k); } else { return kth(below, k); }	return kth(above, k-num_lessoreq);
15	if (k >= num_lessoreq) { return kth(below, k); } else { return kth(num_lessoreq, k); }	return kth(above, k-num_lessoreq);
15	if (num_lessoreq < num_lessoreq) { return kth(below, k); } else { return kth(num_lessoreq, k); }	return kth(above, k-num_lessoreq);
15	if (num_lessoreq > 0) { return kth(above, k); } else { return kth(num_lessoreq, k); }	return kth(above, k-num_lessoreq);
15	if (k > num_lessoreq) { return kth(above, k); } else { return kth(num_lessoreq, k); }	return kth(above, k-num_lessoreq);
15	if (k >= num_lessoreq) { return kth(above, k); } else { return kth(int, k); }	return kth(above, k-num_lessoreq);
15	if (num_lessoreq >= num_lessoreq) { return kth(above, k); } else { return kth(int, k); }	return kth(above, k-num_lessoreq);
15	if (k >= num_lessoreq) { return kth(above, k); } else { return kth(above, k); }	return kth(above, k-num_lessoreq);
15	if (num_lessoreq >= above.size()) { return kth(above, k); } else { return kth(below, k); }	return kth(above, k-num_lessoreq);
15	if (num_lessoreq >= num_lessoreq) { return kth(above, k); } else { return num_lessoreq; }	return kth(above, k-num_lessoreq);
15	kth(below, k); return kth(num_lessoreq, k);	return kth(above, k-num_lessoreq);
15	kth(below, k); return kth(num_lessoreq, k);	return kth(above, k-num_lessoreq);
15	return kth(num_lessoreq, k);	return kth(above, k-num_lessoreq);
15	return kth(below, k);	return kth(above, k-num_lessoreq);
15	kth(num_lessoreq, above, k);	return kth(above, k-num_lessoreq);
15	kth(num_lessoreq, k);	return kth(above, k-num_lessoreq);
15	kth(num_lessoreq, k);	return kth(above, k-num_lessoreq);
15	kth(below, k);	return kth(above, k-num_lessoreq);
15	; return kth(below, k);	return kth(above, k-num_lessoreq);
15	return kth(int, k);	return kth(above, k-num_lessoreq);
15	kth(below, k);	return kth(above, k-num_lessoreq);
15	kth(int, k);	return kth(above, k-num_lessoreq);
15	;	return kth(above, k-num_lessoreq);
35	if (end == -1) { end = cols; }	lines.add(text);
35	if (end == -1) { end = end; }	lines.add(text);
35	if (end < 0) { end = 0; }	lines.add(text);
35	if (end < 0) { end = -1; }	lines.add(text);
35	if (end >= 0) { end = cols; }	lines.add(text);
35	if(end == -1) { end = cols; }	lines.add(text);
35	if (end >= -1) { end = cols; }	lines.add(text);
35	if (end == -1) { end = cols; }	lines.add(text);
35	if (end < 0) { end = end; }	lines.add(text);
35	if (end == -1) { end = -1; }	lines.add(text);
35	"if (end == -1) { end = "" ""; }"	lines.add(text);
35	while (end == -1) { end = cols; }	lines.add(text);
35	"end = text.lastIndexOf( "" "", end);"	lines.add(text);
35	if (end >= 0) { end = end; }	lines.add(text);
35	|| end == -1) { end = cols; }	lines.add(text);
35	if (end < 0) { end = cols; }	lines.add(text);
35	line = text.substring(0,end);	lines.add(text);
35	line = text.substring(0,end);	lines.add(text);
35	;	lines.add(text);
35	cols = text.trim();	lines.add(text);
35	|= text.length();	lines.add(text);
35	text = text.trim();	lines.add(text);
35	".add( "" "");"	lines.add(text);
35	|= end;	lines.add(text);
35	.add(text);	lines.add(text);
35	"= "" "";"	lines.add(text);
35	= null;	lines.add(text);
35	= 0;	lines.add(text);
35	= false;	lines.add(text);
35	= true;	lines.add(text);
12	return false;	return depth==0;
12	Boolean result = true; return result;	return depth==0;
12	return Boolean.FALSE;	return depth==0;
12	Boolean result = false; return result;	return depth==0;
12	return Boolean.valueOf(depth);	return depth==0;
12	return Boolean.TRUE;	return depth==0;
12	if (depth > 0) return false;	return depth==0;
12	if (depth > 0) return true;	return depth==0;
12	result = Boolean.FALSE;	return depth==0;
12	|| parens == null;	return depth==0;
12	Boolean result; return result;	return depth==0;
12	result = true; return result;	return depth==0;
12	!= null;	return depth==0;
12	result = false; return result;	return depth==0;
12	return true;	return depth==0;
12	result = false;	return depth==0;
12	result = true;	return depth==0;
12	return true; return false;	return depth==0;
12	return false; return true;	return depth==0;
12	return false; return false;	return depth==0;
12	false; return false;	return depth==0;
12	++i;	return depth==0;
12	false; return true;	return depth==0;
12	return false;	return depth==0;
12	false;	return depth==0;
12	;	return depth==0;
12	return true;	return depth==0;
12	nan	return depth==0;
12	n = false;	return depth==0;
12	continue;	return depth==0;
1	n = (n ^ (n - 1));	n = (n & (n - 1));
1	n = (n ^ = (n - 1));	n = (n & (n - 1));
1	n = (n < (n - 1));	n = (n & (n - 1));
1	n = n ^ (n - 1);	n = (n & (n - 1));
1	(n ^ (n - 1));	n = (n & (n - 1));
1	n = (n ^ (n - 1));	n = (n & (n - 1));
1	n = (n ^ (n - 1);	n = (n & (n - 1));
1	n = (n ^ (n));	n = (n & (n - 1));
1	n = (n ^ n);	n = (n & (n - 1));
1	n = (n ^ (n - 2));	n = (n & (n - 1));
1	n = n ^ (n - 1);	n = (n & (n - 1));
1	n += (n ^ (n - 1));	n = (n & (n - 1));
1	n = (n ^ (n + 1));	n = (n & (n - 1));
1	n = (n < = (n - 1));	n = (n & (n - 1));
1	n = (n ^ 0);	n = (n & (n - 1));
1	n = (n { (n - 1));	n = (n & (n - 1));
1	n = (n } (n - 1));	n = (n & (n - 1));
1	= (n ^ (n - 1));	n = (n & (n - 1));
1	(n < (n - 1));	n = (n & (n - 1));
1	n = (n ^ (n - 1));	n = (n & (n - 1));
1	n = n < (n - 1);	n = (n & (n - 1));
1	n = (n ^ (n -1));	n = (n & (n - 1));
1	n = (n ^ = n);	n = (n & (n - 1));
1	n = (n < (n));	n = (n & (n - 1));
1	n = n ^ (n);	n = (n & (n - 1));
1	n = (n < n);	n = (n & (n - 1));
1	n = (n < 0);	n = (n & (n - 1));
1	(n ^ 0));	n = (n & (n - 1));
1	(n < 0));	n = (n & (n - 1));
1	n = n;	n = (n & (n - 1));
6	while (lo < = hi) {	while (lo < hi) {
6	while (lo < = mid) {	while (lo < hi) {
6	if (lo < = hi) {	while (lo < hi) {
6	while (lo < hi) {	while (lo < hi) {
6	while (lo < 0) {	while (lo < hi) {
6	while (lo >= hi) {	while (lo < hi) {
6	while (lo < = (hi + 1)) {	while (lo < hi) {
6	while (lo < = hi + 1) {	while (lo < hi) {
6	while (lo < (hi + 1)) {	while (lo < hi) {
6	while (lo < = hi) {	while (lo < hi) {
6	while (lo < (hi)) {	while (lo < hi) {
6	while (lo < (hi - 1)) {	while (lo < hi) {
6	while (lo < = hi + 1) {	while (lo < hi) {
6	while (lo < = 0) {	while (lo < hi) {
6	while (lo < = arr.length) {	while (lo < hi) {
6	while (lo < = hi) { @Override	while (lo < hi) {
6	while (lo > hi) {	while (lo < hi) {
6	while (lo < = (hi)) {	while (lo < hi) {
6	while (lo < = hi) { return mid;	while (lo < hi) {
6	whil (lo < = hi) {	while (lo < hi) {
6	while (lo < = hi - 1) {	while (lo < hi) {
6	while (lo < = i) {	while (lo < hi) {
6	while (lo < = hi-1) {	while (lo < hi) {
6	while (lo < = lo) {	while (lo < hi) {
6	while (lo < mid) {	while (lo < hi) {
6	if (lo < 0) {	while (lo < hi) {
6	While (lo < = hi) {	while (lo < hi) {
6	While (lo < = hi) {	while (lo < hi) {
6	if (lo < = hi) {	while (lo < hi) {
6	while (lo < h) {	while (lo < hi) {
19	_ending_here = _max_ending_here + x;	max_ending_here = Math.max(0,max_ending_here + x);
19	_ending_here = (int)(max_ending_here + x);	max_ending_here = Math.max(0,max_ending_here + x);
19	_ending_here = max_ending_here + x;	max_ending_here = Math.max(0,max_ending_here + x);
19	max_ending_here = max_ending_here + x;	max_ending_here = Math.max(0,max_ending_here + x);
19	max_ending_here = arr + max_ending_here + x;	max_ending_here = Math.max(0,max_ending_here + x);
19	_ending_here = (int) (max_ending_here + x);	max_ending_here = Math.max(0,max_ending_here + x);
19	max_ending_here = max_ending_here + x;	max_ending_here = Math.max(0,max_ending_here + x);
19	max_ending_here = max_ending_here + 1;	max_ending_here = Math.max(0,max_ending_here + x);
19	max_ending_here = max_ending_here + x - 1;	max_ending_here = Math.max(0,max_ending_here + x);
19	max_ending_here = max_ending_here + x + 1;	max_ending_here = Math.max(0,max_ending_here + x);
19	max_ending_here = max_ending_here + 1;	max_ending_here = Math.max(0,max_ending_here + x);
19	max_ending_here = (max_ending_here + x) + 1;	max_ending_here = Math.max(0,max_ending_here + x);
19	max_ending_here = max_ending_here + x + 1;	max_ending_here = Math.max(0,max_ending_here + x);
19	max_ending_here = Math.max(max_ending_here, x);	max_ending_here = Math.max(0,max_ending_here + x);
19	max_ending_here = max_ending_here + arr;	max_ending_here = Math.max(0,max_ending_here + x);
19	max_ending_here = max_ending_here + (int) x;	max_ending_here = Math.max(0,max_ending_here + x);
19	max_ending_here = (max_ending_here + x) + 1;	max_ending_here = Math.max(0,max_ending_here + x);
19	max_ending_here = max_ending_here;	max_ending_here = Math.max(0,max_ending_here + x);
19	max_ending_here = arr + x;	max_ending_here = Math.max(0,max_ending_here + x);
19	max_ending_here = max_ending_here;	max_ending_here = Math.max(0,max_ending_here + x);
19	max_ending_here = 0;	max_ending_here = Math.max(0,max_ending_here + x);
19	max_ending_here += x;	max_ending_here = Math.max(0,max_ending_here + x);
19	max_ending_here = 0;	max_ending_here = Math.max(0,max_ending_here + x);
19	max_ending_here = x;	max_ending_here = Math.max(0,max_ending_here + x);
19	max_ending_here += x;	max_ending_here = Math.max(0,max_ending_here + x);
19	max_ending_here = arr;	max_ending_here = Math.max(0,max_ending_here + x);
19	max_ending_here = x;	max_ending_here = Math.max(0,max_ending_here + x);
19	_ending_here = 0;	max_ending_here = Math.max(0,max_ending_here + x);
19	max_ending_here = 1;	max_ending_here = Math.max(0,max_ending_here + x);
19	max_ending_here = 1;	max_ending_here = Math.max(0,max_ending_here + x);
20	if (arr == null || arr.size() == 0) {	if (arr.size() < = 1) {
20	if (arr == null || arr.size() == 0) {	if (arr.size() < = 1) {
20	if (middle == null || arr.size() == 0) {	if (arr.size() < = 1) {
20	if (middle == null || arr.size() == 0) {	if (arr.size() < = 1) {
20	if (arr.size() == 1 || arr.size() == 0) {	if (arr.size() < = 1) {
20	if (!arr.isEmpty()) {	if (arr.size() < = 1) {
20	if (arr.size() == 1) {	if (arr.size() < = 1) {
20	if (!arr.isEmpty()) {	if (arr.size() < = 1) {
20	if (arr.size() == 1) {	if (arr.size() < = 1) {
20	if (arr.size() == 1 || arr.size() == 2) {	if (arr.size() < = 1) {
20	if (arr.size() == 0 || arr.size() == 1) {	if (arr.size() < = 1) {
20	if (arr.size() == 0 || arr.size() == 1) {	if (arr.size() < = 1) {
20	if (arr.size() == 0 && middle > 0) {	if (arr.size() < = 1) {
20	if (arr.size() == 1 || arr.size() == 2) {	if (arr.size() < = 1) {
20	if (arr.size() == 1 || arr.size() == 2) {	if (arr.size() < = 1) {
20	if (arr.size() == 1 || arr.size() == 1) {	if (arr.size() < = 1) {
20	if (arr.size() < = 0) {	if (arr.size() < = 1) {
20	if (arr.size() == 1 || arr.size() == 2) {	if (arr.size() < = 1) {
20	if (arr.size()!= 0) {	if (arr.size() < = 1) {
20	if (arr.size() < = 1 in correct version) {	if (arr.size() < = 1) {
20	if (middle.size() == 0) {	if (arr.size() < = 1) {
20	if (arr.isEmpty()) {	if (arr.size() < = 1) {
20	if (arr.size()!= 0) {	if (arr.size() < = 1) {
20	if (arr.size() < = 0) {	if (arr.size() < = 1) {
20	If (arr.size() == 0) {	if (arr.size() < = 1) {
20	if (middle.size() == 0) {	if (arr.size() < = 1) {
20	if (arr.size() > 0) {	if (arr.size() < = 1) {
20	if (arr.isEmpty()) {	if (arr.size() < = 1) {
20	if (arr.size() == 0) {	if (arr.size() < = 1) {
20	if (arr.size() > 0) {	if (arr.size() < = 1) {
7	return binsearch(arr, x, start, end);	return binsearch(arr, x, mid+1, end);
7	return binsearch(arr, x, mid, end - start);	return binsearch(arr, x, mid+1, end);
7	return binsearch(arr, x, mid, end);	return binsearch(arr, x, mid+1, end);
7	return binsearch(arr, x, start, end - start);	return binsearch(arr, x, mid+1, end);
7	return binsearch(arr, x, mid, end);	return binsearch(arr, x, mid+1, end);
7	return binsearch(arr, x, start + mid, end);	return binsearch(arr, x, mid+1, end);
7	return binsearch(arr, x, mid, end + 1);	return binsearch(arr, x, mid+1, end);
7	return binsearch(arr, x, mid - start, end);	return binsearch(arr, x, mid+1, end);
7	rim(arr, x, mid, end);	return binsearch(arr, x, mid+1, end);
7	return binsearch(arr, x, end, mid);	return binsearch(arr, x, mid+1, end);
7	return binsearch(arr, x, start, end, end);	return binsearch(arr, x, mid+1, end);
7	return binsearch(arr, x, start, end);	return binsearch(arr, x, mid+1, end);
7	return binsearch(arr, x, start, end, mid);	return binsearch(arr, x, mid+1, end);
7	return binsearch(arr, x, mid, end, start);	return binsearch(arr, x, mid+1, end);
7	return binsearch(arr, x, start, end + 1);	return binsearch(arr, x, mid+1, end);
7	return binsearch(arr[0], x, mid, end);	return binsearch(arr, x, mid+1, end);
7	return binsearch(arr, x, start - start, end);	return binsearch(arr, x, mid+1, end);
7	return binsearch(arr, x, end - start, mid);	return binsearch(arr, x, mid+1, end);
7	return binsearch(arr, x, start, end, start);	return binsearch(arr, x, mid+1, end);
7	n = binsearch(arr, x, mid, end);	return binsearch(arr, x, mid+1, end);
7	return binsearch(arr, x, end - start, end);	return binsearch(arr, x, mid+1, end);
7	= binsearch(arr, x, mid, end);	return binsearch(arr, x, mid+1, end);
7	return binsearch(arr, x, mid, end, end);	return binsearch(arr, x, mid+1, end);
7	|= binsearch(arr, x, mid, end);	return binsearch(arr, x, mid+1, end);
7	return binsearch(arr, x, mid, end - 1);	return binsearch(arr, x, mid+1, end);
7	return binsearch(arr, x, mid, end+1);	return binsearch(arr, x, mid+1, end);
7	return binsearch(arr, x, start + 1, end + 1);	return binsearch(arr, x, mid+1, end);
7	x = binsearch(arr, x, mid, end);	return binsearch(arr, x, mid+1, end);
7	rim(arr, x, start, end);	return binsearch(arr, x, mid+1, end);
7	rim();	return binsearch(arr, x, mid+1, end);
16	return 1 + levenshtein(source.substring(1), target.substring(1));	return levenshtein(source.substring(1), target.substring(1));
16	return 1 + source.length() + levenshtein(source.substring(1), target.substring(1));	return levenshtein(source.substring(1), target.substring(1));
16	return 1 + source.substring(1) + levenshtein(source.substring(1), target.substring(1));	return levenshtein(source.substring(1), target.substring(1));
16	return 1 + levenshtein(source.substring(1), target.substring(1));	return levenshtein(source.substring(1), target.substring(1));
16	return 1 + Math.min(Math.min(source.substring(1), source.substring(1), target.substring(1)));	return levenshtein(source.substring(1), target.substring(1));
16	if (source.length() == target.length()) return 1 + levenshtein(source.substring(1), target.substring(1));	return levenshtein(source.substring(1), target.substring(1));
16	if (source.length() > 1) return 1 + levenshtein(source.substring(1), target.substring(1)); else return 0;	return levenshtein(source.substring(1), target.substring(1));
16	if (source.length() > 0) return 1 + levenshtein(source.substring(1), target.substring(1));	return levenshtein(source.substring(1), target.substring(1));
16	if (source.length() > 1) return 1 + levenshtein(source.substring(1), target.substring(1));	return levenshtein(source.substring(1), target.substring(1));
16	if (source.length() > 1) return 1 + levenshtein(source.substring(1), target.substring(1)); return 0;	return levenshtein(source.substring(1), target.substring(1));
16	if (source.length() == 0) return 1 + levenshtein(source.substring(1), target.substring(1));	return levenshtein(source.substring(1), target.substring(1));
16	if (source.length() == 1) return 1 + levenshtein(source.substring(1), target.substring(1)); return 0;	return levenshtein(source.substring(1), target.substring(1));
16	result = 1 + levenshtein(source.substring(1), target.substring(1)); return result);	return levenshtein(source.substring(1), target.substring(1));
16	return target.substring(1) + levenshtein(source.substring(1), target.substring(1));	return levenshtein(source.substring(1), target.substring(1));
16	if (source.length() == 1) { return 1 + levenshtein(source.substring(1), target.substring(1)); }	return levenshtein(source.substring(1), target.substring(1));
16	return 0 + levenshtein(source.substring(1), target.substring(1));	return levenshtein(source.substring(1), target.substring(1));
16	return Math.min(Math.min(source.substring(1), target.substring(1)), source.substring(1), target.substring(1));	return levenshtein(source.substring(1), target.substring(1));
16	+ levenshtein(source.substring(1), target.substring(1));	return levenshtein(source.substring(1), target.substring(1));
16	return 1 + Math.min(Math.min(source.substring(1), target.substring(1)), source.substring(1));	return levenshtein(source.substring(1), target.substring(1));
16	return 1 + levenshtein(source.substring(1), target.substring(1), source.length());	return levenshtein(source.substring(1), target.substring(1));
16	return 1 + Math.min(Math.min(source.substring(1),source.substring(1), target.substring(1)));	return levenshtein(source.substring(1), target.substring(1));
16	if (source.length() == 1) return 1 + levenshtein(source.substring(1), target.substring(1));	return levenshtein(source.substring(1), target.substring(1));
16	return 1 + Math.min(Math.min(source.substring(1), target.substring(1), target.substring(1)));	return levenshtein(source.substring(1), target.substring(1));
16	return 1 + levenshtein(source.substring(1), target.substring(1), source.substring(1));	return levenshtein(source.substring(1), target.substring(1));
16	return 1 + Math.min(Math.min(source.substring(1), target.substring(1)));	return levenshtein(source.substring(1), target.substring(1));
16	shtein(source.substring(1), target.substring(1));	return levenshtein(source.substring(1), target.substring(1));
16	return 1 + levenshtein(source.substring(1), source.substring(1));	return levenshtein(source.substring(1), target.substring(1));
16	return Math.min(Math.min(source.substring(1), target.substring(1)), source.substring(1));	return levenshtein(source.substring(1), target.substring(1));
16	enshtein(source.substring(1), target.substring(1));	return levenshtein(source.substring(1), target.substring(1));
16	son(source.substring(1), target.substring(1));	return levenshtein(source.substring(1), target.substring(1));
14	if (weight < j) {	else if (weight < = j) {
14	if (weight < = j) {	else if (weight < = j) {
14	else if (weight < = j) {	else if (weight < = j) {
14	if (weight < j) {	else if (weight < = j) {
14	if (weight > j) {	else if (weight < = j) {
14	if (j < = 0) {	else if (weight < = j) {
14	if ( weight < j) {	else if (weight < = j) {
14	else if (weight > j) {	else if (weight < = j) {
14	if (j > 0) {	else if (weight < = j) {
14	if (weight >= j) {	else if (weight < = j) {
14	if (j < 0) {	else if (weight < = j) {
14	if (j >= 0) {	else if (weight < = j) {
14	if (weight < j) { break;	else if (weight < = j) {
14	if (j == 0) {	else if (weight < = j) {
14	if (weight < j) { }	else if (weight < = j) {
14	if (j < = weight) {	else if (weight < = j) {
14	if (weight < = j) {	else if (weight < = j) {
14	if (i < j) {	else if (weight < = j) {
14	else if (weight < j) {	else if (weight < = j) {
14	if (i >= 0) {	else if (weight < = j) {
14	if (j < = i) {	else if (weight < = j) {
14	If (weight < j) {	else if (weight < = j) {
14	If (weight < = j) {	else if (weight < = j) {
14	if ( weight > j) {	else if (weight < = j) {
14	while (weight < j) {	else if (weight < = j) {
14	If (weight < j) {	else if (weight < = j) {
14	if (j > 1) {	else if (weight < = j) {
14	nan	else if (weight < = j) {
14	else {	else if (weight < = j) {
14	) {	else if (weight < = j) {
3	for (Integer count : sorted_arr) {	for (Integer count : counts) {
3	List < Integer> count = new ArrayList < Integer>(arr); for (Integer count : count) {	for (Integer count : counts) {
3	List < Integer> count = new ArrayList < Integer>(argr); for (Integer count : count) {	for (Integer count : counts) {
3	List < Integer> count = new ArrayList < Integer>(0); for (Integer count : arr) {	for (Integer count : counts) {
3	List < Integer> count = new ArrayList < Integer>(); for (Integer count : arr) {	for (Integer count : counts) {
3	List < Integer> count = new ArrayList < Integer>(); for (Integer count : count) {	for (Integer count : counts) {
3	ArrayList < Integer> count = new ArrayList < Integer>(); for (Integer count : count) {	for (Integer count : counts) {
3	for (Integer count : arr.keySet()) {	for (Integer count : counts) {
3	Integer count = null; for (Integer count : arr) {	for (Integer count : counts) {
3	List < Integer> count; for (Integer count : arr) {	for (Integer count : counts) {
3	for (Integer count : arr) {	for (Integer count : counts) {
3	For (Integer count : sorted_arr) {	for (Integer count : counts) {
3	for (Integer count : arr.iterator().next()) {	for (Integer count : counts) {
3	for (Integer count : arr.toArray()) {	for (Integer count : counts) {
3	for (Integer count : arr.toArray(new Integer[0])) {	for (Integer count : counts) {
3	For (Integer count : sorted_arr) {	for (Integer count : counts) {
3	for (Integer count : arr.get()) {	for (Integer count : counts) {
3	for (Integer count : new Integer[] { arr } ) {	for (Integer count : counts) {
3	for (Integer count : arr.values()) {	for (Integer count : counts) {
3	for (Integer count : arr.size()) {	for (Integer count : counts) {
3	for (Integer count : sorted_arr.keySet()) {	for (Integer count : counts) {
3	for (Integer count : arr.get(0)) {	for (Integer count : counts) {
3	for (Integer count : sorted_arr) {	for (Integer count : counts) {
3	for (Integer count : new Integer(arr)) {	for (Integer count : counts) {
3	for (Integer count : arr.toInt()) {	for (Integer count : counts) {
3	for (Integer count : all_arr) {	for (Integer count : counts) {
3	For (Integer count : arr) {	for (Integer count : counts) {
3	for (Integer count : arr,int k) {	for (Integer count : counts) {
3	for (Integer count : null) {	for (Integer count : counts) {
3	for (Integer count : sorted_arr.get(0)) {	for (Integer count : counts) {
4	if (node == null) { return false; }	nodesvisited.add(node);
4	if (node == null) { return true; }	nodesvisited.add(node);
4	if (node == null) { continue; }	nodesvisited.add(node);
4	search(successornodes) { return true; }	nodesvisited.add(node);
4	if (node == node) { return true; }	nodesvisited.add(node);
4	if (node == goalnode) { continue; }	nodesvisited.add(node);
4	search(startnode, goalnode) { return true; }	nodesvisited.add(node);
4	if (node == node) { return false; }	nodesvisited.add(node);
4	if (node == goalnode) { return true; }	nodesvisited.add(node);
4	search(startnode, goalnode) { return false; }	nodesvisited.add(node);
4	if(node == null) { return false; }	nodesvisited.add(node);
4	search(successornodes)) { return true; }	nodesvisited.add(node);
4	if (node == goal) { return true; }	nodesvisited.add(node);
4	search(successornodes) { return false; }	nodesvisited.add(node);
4	if (node == node) { continue; }	nodesvisited.add(node);
4	if(node == null) { continue; }	nodesvisited.add(node);
4	search(successornodes);	nodesvisited.add(node);
4	search(startnode) { return true; }	nodesvisited.add(node);
4	if (false) { return true; }	nodesvisited.add(node);
4	search(startnode, goalnode);	nodesvisited.add(node);
4	node = node;	nodesvisited.add(node);
4	.save();	nodesvisited.add(node);
4	.reset();	nodesvisited.add(node);
4	return false;	nodesvisited.add(node);
4	return true;	nodesvisited.add(node);
4	return true;	nodesvisited.add(node);
4	result = true;	nodesvisited.add(node);
4	return false;	nodesvisited.add(node);
4	;	nodesvisited.add(node);
4		nodesvisited.add(node);
33	"result = result + "" "" + String.valueOf(alphabet.charAt(i));"	result = String.valueOf(alphabet.charAt(i))+result;
33	result = result + String.valueOf(alphabet.charAt(i));	result = String.valueOf(alphabet.charAt(i))+result;
33	result + String.valueOf(alphabet.charAt(i));	result = String.valueOf(alphabet.charAt(i))+result;
33	result = result + String.valueOf((char)alphabet.charAt(i));	result = String.valueOf(alphabet.charAt(i))+result;
33	"= result + "" "" + String.valueOf(alphabet.charAt(i));"	result = String.valueOf(alphabet.charAt(i))+result;
33	= result + String.valueOf((char)alphabet.charAt(i));	result = String.valueOf(alphabet.charAt(i))+result;
33	result = result + String.valueOf(alphabet.charAt(i));	result = String.valueOf(alphabet.charAt(i))+result;
33	result = result + String.valueOf(alphabet.charAt(i+1));	result = String.valueOf(alphabet.charAt(i))+result;
33	Result = result + String.valueOf(alphabet.charAt(i));	result = String.valueOf(alphabet.charAt(i))+result;
33	result = String.valueOf(alphabet.charAt(i));	result = String.valueOf(alphabet.charAt(i))+result;
33	= result + String.valueOf(alphabet.charAt(i));	result = String.valueOf(alphabet.charAt(i))+result;
33	= String.valueOf(alphabet.charAt(i));	result = String.valueOf(alphabet.charAt(i))+result;
33	= result + String.valueOf(alphabet.charAt(i+1));	result = String.valueOf(alphabet.charAt(i))+result;
33	+ String.valueOf(alphabet.charAt(i));	result = String.valueOf(alphabet.charAt(i))+result;
33	result = result + String.valueOf(alphabet.charAt(b));	result = String.valueOf(alphabet.charAt(i))+result;
33	result = result + String.valueOf(alphabet.charAt(num));	result = String.valueOf(alphabet.charAt(i))+result;
33	result = result + String.valueOf(alphabet.charAt(i + 1));	result = String.valueOf(alphabet.charAt(i))+result;
33	= result + String.valueOf(alphabet.charAt(b));	result = String.valueOf(alphabet.charAt(i))+result;
33	result = result + String.valueOf(charAt(i));	result = String.valueOf(alphabet.charAt(i))+result;
33	result = String.valueOf(alphabet.charAt(i));	result = String.valueOf(alphabet.charAt(i))+result;
33	= result + String.valueOf(alphabet.charAt(num));	result = String.valueOf(alphabet.charAt(i))+result;
33	= String.valueOf(alphabet.charAt(i+1));	result = String.valueOf(alphabet.charAt(i))+result;
33	result = result + String.valueOf(charAt(i));	result = String.valueOf(alphabet.charAt(i))+result;
33	= result + String.valueOf(alphabet.charAt(i) + 1);	result = String.valueOf(alphabet.charAt(i))+result;
33	+ String.valueOf(alphabet.charAt(i+1));	result = String.valueOf(alphabet.charAt(i))+result;
33	result = result + String.valueOf(alphabet.charAt(i) + 1);	result = String.valueOf(alphabet.charAt(i))+result;
33	= result + String.valueOf(alphabet.charAt(i) + 1);	result = String.valueOf(alphabet.charAt(i))+result;
33	= result + String.valueOf(charAt(i));	result = String.valueOf(alphabet.charAt(i))+result;
33	"= result + String.valueOf(alphabet.charAt(i)) + "" "";"	result = String.valueOf(alphabet.charAt(i))+result;
33	;	result = String.valueOf(alphabet.charAt(i))+result;
5	if (hare == tortoise)	if (null == hare ||hare.getSuccessor() == null)
5	if (hare == tortoise || hare.getSuccessor() == null)	if (null == hare ||hare.getSuccessor() == null)
5	if (hare == tortoise)	if (null == hare ||hare.getSuccessor() == null)
5	if (hare.getSuccessor() == tortoise)	if (null == hare ||hare.getSuccessor() == null)
5	if (hare == tortoise || tortoise == tortoise)	if (null == hare ||hare.getSuccessor() == null)
5	if (hare.getSuccessor() == tortoise)	if (null == hare ||hare.getSuccessor() == null)
5	if (hare == tortoise || tortoise == tortoise)	if (null == hare ||hare.getSuccessor() == null)
5	If (hare == tortoise || hare.getSuccessor() == null)	if (null == hare ||hare.getSuccessor() == null)
5	if (hare!= tortoise)	if (null == hare ||hare.getSuccessor() == null)
5	if (hare!= tortoise)	if (null == hare ||hare.getSuccessor() == null)
5	if (hare == tortoise && tortoise == tortoise)	if (null == hare ||hare.getSuccessor() == null)
5	if (hare.getSuccessor()!= null)	if (null == hare ||hare.getSuccessor() == null)
5	if (hare.getSuccessor().getSuccessor() == tortoise)	if (null == hare ||hare.getSuccessor() == null)
5	if (hare.getSuccessor()!= null)	if (null == hare ||hare.getSuccessor() == null)
5	if (hare == tortoise) return false;	if (null == hare ||hare.getSuccessor() == null)
5	if (hare!= tortoise || tortoise == tortoise)	if (null == hare ||hare.getSuccessor() == null)
5	if (hare.getSuccessor()!= tortoise)	if (null == hare ||hare.getSuccessor() == null)
5	if (hare == tortoise) return false;	if (null == hare ||hare.getSuccessor() == null)
5	if (hare == tortoise.getSuccessor())	if (null == hare ||hare.getSuccessor() == null)
5	if (hare.getSuccessor()!= tortoise)	if (null == hare ||hare.getSuccessor() == null)
5	If (hare.getSuccessor() == tortoise)	if (null == hare ||hare.getSuccessor() == null)
5	If (hare == tortoise)	if (null == hare ||hare.getSuccessor() == null)
5	if (hare == tortoise) return true;	if (null == hare ||hare.getSuccessor() == null)
5	If (hare == tortoise)	if (null == hare ||hare.getSuccessor() == null)
5	; if (hare == tortoise)	if (null == hare ||hare.getSuccessor() == null)
5	If (hare!= tortoise)	if (null == hare ||hare.getSuccessor() == null)
5	if (hare== tortoise)	if (null == hare ||hare.getSuccessor() == null)
5	If (hare!= tortoise)	if (null == hare ||hare.getSuccessor() == null)
5	if (hare==null)	if (null == hare ||hare.getSuccessor() == null)
5		if (null == hare ||hare.getSuccessor() == null)
32	while (Math.abs(x-approx) >= epsilon) {	while (Math.abs(x-approx*approx) > epsilon) {
32	while (Math.abs(x-approx) < = epsilon) {	while (Math.abs(x-approx*approx) > epsilon) {
32	while (Math.abs(x-approx) < epsilon) {	while (Math.abs(x-approx*approx) > epsilon) {
32	while (Math.abs(x-approx-1) >= epsilon) {	while (Math.abs(x-approx*approx) > epsilon) {
32	while (Math.abs(x - approx) > epsilon) {	while (Math.abs(x-approx*approx) > epsilon) {
32	while (Math.abs(x-epsilon) > epsilon) {	while (Math.abs(x-approx*approx) > epsilon) {
32	while (Math.abs(x-(approx-1)) > epsilon) {	while (Math.abs(x-approx*approx) > epsilon) {
32	while (Math.abs(x-approx) >= epsilon) {	while (Math.abs(x-approx*approx) > epsilon) {
32	whilst (Math.abs(x-approx) > epsilon) {	while (Math.abs(x-approx*approx) > epsilon) {
32	while (Math.abs(x - epsilon) >= epsilon) {	while (Math.abs(x-approx*approx) > epsilon) {
32	while (Math.abs((x-approx)) > epsilon) {	while (Math.abs(x-approx*approx) > epsilon) {
32	while (Math.abs(x-approx) == epsilon) {	while (Math.abs(x-approx*approx) > epsilon) {
32	whilst (Math.abs(x-approx) >= epsilon) {	while (Math.abs(x-approx*approx) > epsilon) {
32	while (Math.abs(y-approx) > epsilon) {	while (Math.abs(x-approx*approx) > epsilon) {
32	while (Math.abs(x-approx-1) < = epsilon) {	while (Math.abs(x-approx*approx) > epsilon) {
32	while (!Math.abs(x-approx) > epsilon) {	while (Math.abs(x-approx*approx) > epsilon) {
32	while (Math.abs(x-approx-2) >= epsilon) {	while (Math.abs(x-approx*approx) > epsilon) {
32	while (Math.abs(x - epsilon) > epsilon) {	while (Math.abs(x-approx*approx) > epsilon) {
32	while (Math.abs(x-approx) > epsilon) {	while (Math.abs(x-approx*approx) > epsilon) {
32	while (Math.abs(x-approx) > epsilon) {	while (Math.abs(x-approx*approx) > epsilon) {
32	while (Math.abs(x-approx)!= epsilon) {	while (Math.abs(x-approx*approx) > epsilon) {
32	while (Math.abs(value-approx) > epsilon) {	while (Math.abs(x-approx*approx) > epsilon) {
32	if (Math.abs(x-approx) > epsilon) {	while (Math.abs(x-approx*approx) > epsilon) {
32	while ((Math.abs(x-approx)) > epsilon) {	while (Math.abs(x-approx*approx) > epsilon) {
32	while (Math.abs(x-approx-1) < epsilon) {	while (Math.abs(x-approx*approx) > epsilon) {
32	if (Math.abs(x-approx) > epsilon) {	while (Math.abs(x-approx*approx) > epsilon) {
32	epsilon = Math.abs(x-approx); while (epsilon > 0) {	while (Math.abs(x-approx*approx) > epsilon) {
32	epsilon = Math.abs(x-approx); while (epsilon < 0) {	while (Math.abs(x-approx*approx) > epsilon) {
32	while (Math.abs(x-approx) < approx) {	while (Math.abs(x-approx*approx) > epsilon) {
32	while (Math.abs(x-approx) >= epsilon) { return approx;	while (Math.abs(x-approx*approx) > epsilon) {
26	if (node == null) return null;	prevnode = node;
26	if (node == null) { continue; }	prevnode = node;
26	return_linked_list(node);	prevnode = node;
26	if (node == null) return null;	prevnode = node;
26	if (node == null) { continue; }	prevnode = node;
26	if (node == null) return node;	prevnode = node;
26	if (node == null) continue;	prevnode = node;
26	reverse_linked_list(node);	prevnode = node;
26	Node.reverse_linked_list(node);	prevnode = node;
26	if (node == null) { break; }	prevnode = node;
26	.reverse_linked_list(node);	prevnode = node;
26	node.reverse_linked_list(node);	prevnode = node;
26	while (node == null) { continue; }	prevnode = node;
26	node = node;	prevnode = node;
26	if (node == null) continue;	prevnode = node;
26	node.setSuccessor(node);	prevnode = node;
26	node = null;	prevnode = node;
26	node = nextnode;	prevnode = node;
26	node.reverse_linked_list();	prevnode = node;
26	return(node);	prevnode = node;
26	node = null;	prevnode = node;
26	node = nextnode;	prevnode = node;
26	node = node;	prevnode = node;
26	.reverse_linked_list();	prevnode = node;
26	return_linked_list();	prevnode = node;
26	parent = parent;	prevnode = node;
26	;	prevnode = node;
26	continue;	prevnode = node;
26	();	prevnode = node;
26		prevnode = node;
34	if (!orderedNodes.containsAll(nextNode.getSuccessors()) &&!orderedNodes.contains(nextNode)) {	if (orderedNodes.containsAll(nextNode.getPredecessors()) &&!orderedNodes.contains(nextNode)) {
34	if (!orderedNodes.containsAll(nextNode.getSuccessors()) &&!orderedNodes.contains(nextNode)) {	if (orderedNodes.containsAll(nextNode.getPredecessors()) &&!orderedNodes.contains(nextNode)) {
34	if (orderedNodes.containsAll(nextNode.getSuccessors()) &&!orderedNodes.contains(nextNode)) {	if (orderedNodes.containsAll(nextNode.getPredecessors()) &&!orderedNodes.contains(nextNode)) {
34	if (!orderedNodes.containsAll(nextNode.getSuccessors())) {	if (orderedNodes.containsAll(nextNode.getPredecessors()) &&!orderedNodes.contains(nextNode)) {
34	if (orderedNodes.containsAll(nextNode.getSuccessors())) {	if (orderedNodes.containsAll(nextNode.getPredecessors()) &&!orderedNodes.contains(nextNode)) {
34	if (orderedNodes.containsAll(nextNode.getSuccessors()) &&!orderedNodes.contains(nextNode.getPredecessors())) {	if (orderedNodes.containsAll(nextNode.getPredecessors()) &&!orderedNodes.contains(nextNode)) {
34	if (orderedNodes.containsAll(nextNode.getSuccessors()) &&!orderedNodes.contains(nextNode)) {	if (orderedNodes.containsAll(nextNode.getPredecessors()) &&!orderedNodes.contains(nextNode)) {
34	if (nextNode!= null && orderedNodes.containsAll(nextNode.getSuccessors()) &&!nextNode.contains(nextNode)) {	if (orderedNodes.containsAll(nextNode.getPredecessors()) &&!orderedNodes.contains(nextNode)) {
34	if (orderedNodes.containsAll(nextNode.getSuccessors()) &&!orderedNodes.contains(nextNode) && listSize > 0) {	if (orderedNodes.containsAll(nextNode.getPredecessors()) &&!orderedNodes.contains(nextNode)) {
34	if (listSize > 0 && orderedNodes.containsAll(nextNode.getSuccessors()) &&!orderedNodes.contains(nextNode)) {	if (orderedNodes.containsAll(nextNode.getPredecessors()) &&!orderedNodes.contains(nextNode)) {
34	if (nextNode.getSuccessors()!= null && orderedNodes.containsAll(nextNode.getSuccessors())) {	if (orderedNodes.containsAll(nextNode.getPredecessors()) &&!orderedNodes.contains(nextNode)) {
34	if (orderedNodes.containsAll(nextNode.getSuccessors()) &&!orderedNodes.contains(nextNode.getPredecessors())) {	if (orderedNodes.containsAll(nextNode.getPredecessors()) &&!orderedNodes.contains(nextNode)) {
34	if (orderedNodes.containsAll(nextNode.getSuccessors()) ||!orderedNodes.contains(nextNode)) {	if (orderedNodes.containsAll(nextNode.getPredecessors()) &&!orderedNodes.contains(nextNode)) {
34	if (orderedNodes.containsAll(nextNode.getSuccessors()) &&!orderedNodes.contains(nextNode)) { listSize++;	if (orderedNodes.containsAll(nextNode.getPredecessors()) &&!orderedNodes.contains(nextNode)) {
34	if (!orderedNodes.containsAll(nextNode.getSuccessors()) &&!orderedNodes.contains(nextNode)) { listSize++;	if (orderedNodes.containsAll(nextNode.getPredecessors()) &&!orderedNodes.contains(nextNode)) {
34	if (orderedNodes.containsAll(nextNode.getSuccessors()) &&!nextNode.getPredecessors().contains(nextNode)) {	if (orderedNodes.containsAll(nextNode.getPredecessors()) &&!orderedNodes.contains(nextNode)) {
34	if (nextNode!= null && orderedNodes.containsAll(nextNode.getSuccessors())) {	if (orderedNodes.containsAll(nextNode.getPredecessors()) &&!orderedNodes.contains(nextNode)) {
34	if (!orderedNodes.containsAll(nextNode.getSuccessors()) &&!orderedNodes.contains(nextNode.getPredecessors())) {	if (orderedNodes.containsAll(nextNode.getPredecessors()) &&!orderedNodes.contains(nextNode)) {
34	if (!orderedNodes.containsAll(nextNode.getSuccessors())) {	if (orderedNodes.containsAll(nextNode.getPredecessors()) &&!orderedNodes.contains(nextNode)) {
34	if (orderedNodes.containsAll(nextNode.getPredecessors()) &&!orderedNodes.contains(nextNode)) {	if (orderedNodes.containsAll(nextNode.getPredecessors()) &&!orderedNodes.contains(nextNode)) {
34	if (nextNode.getSuccessors().isEmpty() && orderedNodes.containsAll(nextNode.getSuccessors())) {	if (orderedNodes.containsAll(nextNode.getPredecessors()) &&!orderedNodes.contains(nextNode)) {
34	if (!orderedNodes.containsAll(nextNode.getSuccessors()) ||!orderedNodes.contains(nextNode)) {	if (orderedNodes.containsAll(nextNode.getPredecessors()) &&!orderedNodes.contains(nextNode)) {
34	If (orderedNodes.containsAll(nextNode.getSuccessors()) &&!orderedNodes.contains(nextNode)) {	if (orderedNodes.containsAll(nextNode.getPredecessors()) &&!orderedNodes.contains(nextNode)) {
34	if (orderedNodes.containsAll(nextNode.getSuccessors()) ||!orderedNodes.contains(nextNode)) {	if (orderedNodes.containsAll(nextNode.getPredecessors()) &&!orderedNodes.contains(nextNode)) {
34	if (orderedNodes.containsAll(nextNode.getSuccessors())) {	if (orderedNodes.containsAll(nextNode.getPredecessors()) &&!orderedNodes.contains(nextNode)) {
34	if (nextNode.getSuccessors()!= null && orderedNodes.containsAll(nextNode.getSuccessors())) {	if (orderedNodes.containsAll(nextNode.getPredecessors()) &&!orderedNodes.contains(nextNode)) {
34	if (nextNode!= null && orderedNodes.containsAll(nextNode.getSuccessors())) {	if (orderedNodes.containsAll(nextNode.getPredecessors()) &&!orderedNodes.contains(nextNode)) {
34	if (orderedNodes.containsAll(nextNode.getSuccessors())) { listSize++;	if (orderedNodes.containsAll(nextNode.getPredecessors()) &&!orderedNodes.contains(nextNode)) {
34	if (nextNode!= null && orderedNodes.containsAll(nextNode.getSuccessors())) {	if (orderedNodes.containsAll(nextNode.getPredecessors()) &&!orderedNodes.contains(nextNode)) {
34	If (orderedNodes.containsAll(nextNode.getSuccessors())) {	if (orderedNodes.containsAll(nextNode.getPredecessors()) &&!orderedNodes.contains(nextNode)) {
25	if (x > pivot) {	} else if (x >= pivot) {
25	else if (x >= pivot) {	} else if (x >= pivot) {
25	; } else if (x >= pivot) {	} else if (x >= pivot) {
25	; } else if (x > pivot) {	} else if (x >= pivot) {
25	} else if (x >= pivot) {	} else if (x >= pivot) {
25	if (x >= pivot) {	} else if (x >= pivot) {
25	// else if (x > pivot) {	} else if (x >= pivot) {
25	+= pivot; } else if (x >= pivot) {	} else if (x >= pivot) {
25	next(); } else if (x > pivot) {	} else if (x >= pivot) {
25	; } else if (x > pivot || x < pivot) {	} else if (x >= pivot) {
25	/* else if (x > pivot)*/ {	} else if (x >= pivot) {
25	continue; } else if (x > pivot) {	} else if (x >= pivot) {
25	; } else if (x > pivot || x > pivot) {	} else if (x >= pivot) {
25	else if (!x.isEmpty()) {	} else if (x >= pivot) {
25	others if (x > pivot) {	} else if (x >= pivot) {
25	else if (!x.equals( pivot)) {	} else if (x >= pivot) {
25	else if (x!= pivot) {	} else if (x >= pivot) {
25	if (x > pivot) {	} else if (x >= pivot) {
25	if (x!= pivot) {	} else if (x >= pivot) {
25	; } else if (x > pivot + 1) {	} else if (x >= pivot) {
25	if (x < pivot) {	} else if (x >= pivot) {
25	if (y > pivot) {	} else if (x >= pivot) {
25	// if (x > pivot) {	} else if (x >= pivot) {
25	else if (x < pivot) {	} else if (x >= pivot) {
25	else if (y > pivot) {	} else if (x >= pivot) {
25	while (x > pivot) {	} else if (x >= pivot) {
25	/* else if (x > pivot) {	} else if (x >= pivot) {
25	else if (x > pivot) {	} else if (x >= pivot) {
25	&& x > pivot) {	} else if (x >= pivot) {
25	nan	} else if (x >= pivot) {
21	otherwise.addAll(Collections.nCopies(digit_list.length, 1));	otherwise.addAll(Collections.nCopies(digit_list.length-1, 0));
21	otherwise.addAll(Collections.nCopies(digit_list[high_mid], 0));	otherwise.addAll(Collections.nCopies(digit_list.length-1, 0));
21	otherwise.addAll(Collections.nCopies(digit_list[low_mid], 0));	otherwise.addAll(Collections.nCopies(digit_list.length-1, 0));
21	otherwise.addAll(Collections.nCopies(digit_list.length - 1, 0));	otherwise.addAll(Collections.nCopies(digit_list.length-1, 0));
21	otherwise.addAll(Collections.nCopies(digit_list.length, 0));	otherwise.addAll(Collections.nCopies(digit_list.length-1, 0));
21	otherwise.addAll(Collections.nCopies(digit_list[high_mid]));	otherwise.addAll(Collections.nCopies(digit_list.length-1, 0));
21	otherwise.addAll(Collections.nCopies(digit_list[low_mid]));	otherwise.addAll(Collections.nCopies(digit_list.length-1, 0));
21	otherwise.addAll(Collections.singleton(digit_list[high_mid]));	otherwise.addAll(Collections.nCopies(digit_list.length-1, 0));
21	otherwise.addAll(Collections.nCopies(digit_list.length, 1));	otherwise.addAll(Collections.nCopies(digit_list.length-1, 0));
21	otherwise.addAll(Collections.nCopies(digit_list.length, 2));	otherwise.addAll(Collections.nCopies(digit_list.length-1, 0));
21	otherwise.addAll(Collections.enCopies(digit_list.length, 0));	otherwise.addAll(Collections.nCopies(digit_list.length-1, 0));
21	otherwise.addAll(Collections.singleton(digit_list[low_mid]));	otherwise.addAll(Collections.nCopies(digit_list.length-1, 0));
21	otherwise.addAll(Collections.nCopies(digit_list[0].length, 0));	otherwise.addAll(Collections.nCopies(digit_list.length-1, 0));
21	otherwise.addAll(Collections.nCopies(digit_list.length, low_mid));	otherwise.addAll(Collections.nCopies(digit_list.length-1, 0));
21	otherwise.addAll(Collections.singleton(digit_list[high_mid], 0));	otherwise.addAll(Collections.nCopies(digit_list.length-1, 0));
21	otherwise.addAll(Collections.nCopies(digit_list.length, 10));	otherwise.addAll(Collections.nCopies(digit_list.length-1, 0));
21	otherwise.addAll(Collections.nCopies(digit_list.length, high_mid));	otherwise.addAll(Collections.nCopies(digit_list.length-1, 0));
21	otherwise.addAll(Collections.getCopies(digit_list.length, 0));	otherwise.addAll(Collections.nCopies(digit_list.length-1, 0));
21	otherwise.addAll(Collections.nCopies(digit_list.length, 3));	otherwise.addAll(Collections.nCopies(digit_list.length-1, 0));
21	otherwise.addAll(Collections.nCopies(digit_list[0], 0));	otherwise.addAll(Collections.nCopies(digit_list.length-1, 0));
21	otherwise.addAll(Collections.copies(digit_list.length, 0));	otherwise.addAll(Collections.nCopies(digit_list.length-1, 0));
21	otherwise.addAll(Collections.nCopies(digit_list[high_mid] + 1));	otherwise.addAll(Collections.nCopies(digit_list.length-1, 0));
21	otherwise.addAll(Collections.nCopies(digit_list.length, 2));	otherwise.addAll(Collections.nCopies(digit_list.length-1, 0));
21	otherwise.addAll(Collections.nCopies(digit_list.length, 3));	otherwise.addAll(Collections.nCopies(digit_list.length-1, 0));
21	otherwise.addAll(Collections.nCopies(digit_list[low_mid] + 1));	otherwise.addAll(Collections.nCopies(digit_list.length-1, 0));
21	otherwise.addAll(Collections.singleton(digit_list.length));	otherwise.addAll(Collections.nCopies(digit_list.length-1, 0));
21	otherwise.addAll(Collections.singleton(digit_list));	otherwise.addAll(Collections.nCopies(digit_list.length-1, 0));
21	otherwise.addAll(Collections.nCopies(digit_list[high_mid] - 1));	otherwise.addAll(Collections.nCopies(digit_list.length-1, 0));
21	otherwise.addAll(Collections.nCopies(digit_list[low_mid] - 1));	otherwise.addAll(Collections.nCopies(digit_list.length-1, 0));
21	next_palindrome(digit_list);	otherwise.addAll(Collections.nCopies(digit_list.length-1, 0));
28	unvisitedNodes.get(nextnode) + length_by_edge.get(Arrays.asList(node, nextnode)));	distance + length_by_edge.get(Arrays.asList(node, nextnode))));
28	unvisitedNodes.get(nextnode) + length_by_edge.get(Arrays.asList(node, nextnode))));	distance + length_by_edge.get(Arrays.asList(node, nextnode))));
28	unvisitedNodes.get(nextnode) + length_by_edge.get(Arrays.asList(node, nextnode))));	distance + length_by_edge.get(Arrays.asList(node, nextnode))));
28	nodes.get(nextnode) + length_by_edge.get(Arrays.asList(node, nextnode))));	distance + length_by_edge.get(Arrays.asList(node, nextnode))));
28	unvisitedNodes.get(nextnode) + length_by_edge.get(Arrays.asList(node, nextnode)));	distance + length_by_edge.get(Arrays.asList(node, nextnode))));
28	(unvisitedNodes.get(nextnode) + length_by_edge.get(Arrays.asList(node, nextnode))));	distance + length_by_edge.get(Arrays.asList(node, nextnode))));
28	unvisitedNodes.get(nextnode) + length_by_edge.get(Arrays.asList(startnode, nextnode))));	distance + length_by_edge.get(Arrays.asList(node, nextnode))));
28	unvisitedNodes.get(nextnode) + length_by_edge.get(Arrays.asList(nextnode, nextnode)));	distance + length_by_edge.get(Arrays.asList(node, nextnode))));
28	UnvisitedNodes.get(nextnode) + length_by_edge.get(Arrays.asList(node, nextnode))));	distance + length_by_edge.get(Arrays.asList(node, nextnode))));
28	unvisitedNodes.get(nextnode) + length_by_edge.get(Arrays.asList(startnode, nextnode))));	distance + length_by_edge.get(Arrays.asList(node, nextnode))));
28	= unvisitedNodes.get(nextnode) + length_by_edge.get(Arrays.asList(node, nextnode)));	distance + length_by_edge.get(Arrays.asList(node, nextnode))));
28	UnvisitedNodes.get(nextnode) + length_by_edge.get(Arrays.asList(node, nextnode)));	distance + length_by_edge.get(Arrays.asList(node, nextnode))));
28	unvisitedNodes.get(nextnode) + length_by_edge.get(Arrays.asList(nextnode, nextnode)));	distance + length_by_edge.get(Arrays.asList(node, nextnode))));
28	= unvisitedNodes.get(nextnode) + length_by_edge.get(Arrays.asList(node, nextnode))));	distance + length_by_edge.get(Arrays.asList(node, nextnode))));
28	Nodes.get(nextnode) + length_by_edge.get(Arrays.asList(node, nextnode))));	distance + length_by_edge.get(Arrays.asList(node, nextnode))));
28	losedNodes.get(nextnode) + length_by_edge.get(Arrays.asList(node, nextnode))));	distance + length_by_edge.get(Arrays.asList(node, nextnode))));
28	.get(nextnode) + length_by_edge.get(Arrays.asList(node, nextnode))));	distance + length_by_edge.get(Arrays.asList(node, nextnode))));
28	nodes.get(nextnode) + length_by_edge.get(Arrays.asList(node, nextnode)));	distance + length_by_edge.get(Arrays.asList(node, nextnode))));
28	Node.get(nextnode) + length_by_edge.get(Arrays.asList(node, nextnode))));	distance + length_by_edge.get(Arrays.asList(node, nextnode))));
28	unvisitedNodes.get(nextnode) + (length_by_edge.get(Arrays.asList(node, nextnode))));	distance + length_by_edge.get(Arrays.asList(node, nextnode))));
28	unvisitedNodes.get(nextnode) + length_by_edge.get(Arrays.asList(node, nextnode));	distance + length_by_edge.get(Arrays.asList(node, nextnode))));
28	(unvisitedNodes.get(nextnode) + length_by_edge.get(Arrays.asList(node, nextnode))));	distance + length_by_edge.get(Arrays.asList(node, nextnode))));
28	UnvisitedNodes.get(nextnode) + length_by_edge.get(Arrays.asList(nextnode, nextnode)));	distance + length_by_edge.get(Arrays.asList(node, nextnode))));
28	unvisitedNodes.get(nextnode) + length_by_edge.get(Arrays.asList(node, nextnode)))));	distance + length_by_edge.get(Arrays.asList(node, nextnode))));
28	unvisitedNodes.get(nextnode) + length_by_edge.get(Arrays.asList(node, nextnode)))));	distance + length_by_edge.get(Arrays.asList(node, nextnode))));
28	unvisitedNodes.get(nextnode) + (length_by_edge.get(Arrays.asList(node, nextnode))));	distance + length_by_edge.get(Arrays.asList(node, nextnode))));
28	Nodes.get(nextnode) + length_by_edge.get(Arrays.asList(node, nextnode)));	distance + length_by_edge.get(Arrays.asList(node, nextnode))));
28	(nextnode) + length_by_edge.get(Arrays.asList(node, nextnode))));	distance + length_by_edge.get(Arrays.asList(node, nextnode))));
28	+ length_by_edge.get(Arrays.asList(node, nextnode))));	distance + length_by_edge.get(Arrays.asList(node, nextnode))));
28	+ length_by_edge.get(Arrays.asList(node, nextnode)));	distance + length_by_edge.get(Arrays.asList(node, nextnode))));
9	gcd(a % b, b);	return gcd(b, a%b);
9	gcd(a % b, b);	return gcd(b, a%b);
9	gcd(b, a % b);	return gcd(b, a%b);
9	gcd(a % b, b, b);	return gcd(b, a%b);
9	return gcd(a % b, b);	return gcd(b, a%b);
9	return gcd(a % b, b);	return gcd(b, a%b);
9	gcd(b % a, b);	return gcd(b, a%b);
9	n = gcd(a % b, b);	return gcd(b, a%b);
9	= gcd(a % b, b);	return gcd(b, a%b);
9	gcd(a % b, b) { }	return gcd(b, a%b);
9	gcd(a % b, b % b);	return gcd(b, a%b);
9	gcd(a % b, b - 1);	return gcd(b, a%b);
9	gcd(a % b, b - b);	return gcd(b, a%b);
9	gcd(a % b, b, a);	return gcd(b, a%b);
9	gcd(a % b, b, b);	return gcd(b, a%b);
9	b = gcd(a % b, b);	return gcd(b, a%b);
9	++a; return gcd(b, b);	return gcd(b, a%b);
9	cd(a % b, b);	return gcd(b, a%b);
9	gcd(a % b, b + 1);	return gcd(b, a%b);
9	gcd(a % b - 1, b);	return gcd(b, a%b);
9	gcd(a % b % b, b);	return gcd(b, a%b);
9	gcd(b, a % b);	return gcd(b, a%b);
9	gcd(a % b, b); return b;	return gcd(b, a%b);
9	m = gcd(a % b, b);	return gcd(b, a%b);
9	gcd(b % b, a);	return gcd(b, a%b);
9	gcd(a % b, b - a);	return gcd(b, a%b);
9	return gcd(a % b, b, b);	return gcd(b, a%b);
9	gcd(a * b, b);	return gcd(b, a%b);
9	cd(a % b, b);	return gcd(b, a%b);
9	gcd(b % a);	return gcd(b, a%b);
23	for (int c=0; c < = r; c++) {	for (int c=0; c < r+1; c++) {
23	for (int c=1; c < = r; c++) {	for (int c=0; c < r+1; c++) {
23	for (int c=1; c < r; c++) {	for (int c=0; c < r+1; c++) {
23	For (int c=0; c < = r; c++) {	for (int c=0; c < r+1; c++) {
23	for (int c=0; c < r-1; c++) {	for (int c=0; c < r+1; c++) {
23	for (int c=0; c < = r; c++) {	for (int c=0; c < r+1; c++) {
23	(int c=0; c < = r; c++) {	for (int c=0; c < r+1; c++) {
23	for (int c=0; c < r; c++) {	for (int c=0; c < r+1; c++) {
23	For (int c=0; c < = r; c++) {	for (int c=0; c < r+1; c++) {
23	for (int c=0; c < =r; c++) {	for (int c=0; c < r+1; c++) {
23	For (int c=1; c < = r; c++) {	for (int c=0; c < r+1; c++) {
23	For (int c=1; c < r; c++) {	for (int c=0; c < r+1; c++) {
23	for (int c=0; c < = r-1; c++) {	for (int c=0; c < r+1; c++) {
23	For (int c=0; c < r-1; c++) {	for (int c=0; c < r+1; c++) {
23	for (int c=1; c < = r; c++) {	for (int c=0; c < r+1; c++) {
23	for (int c = 0; c < = r; c++) {	for (int c=0; c < r+1; c++) {
23	for (int c=-1; c < = r; c++) {	for (int c=0; c < r+1; c++) {
23	for (int c=0; c < r + 1; c++) {	for (int c=0; c < r+1; c++) {
23	for (int c=1; c < r; c++) {	for (int c=0; c < r+1; c++) {
23	for (int c=0; c < r-1; c++) {	for (int c=0; c < r+1; c++) {
23	for (int c=0; c < r+1; c++) {	for (int c=0; c < r+1; c++) {
23	for (int c=0; c < row.size(); c++) {	for (int c=0; c < r+1; c++) {
23	for (int c = 1; c < = r; c++) {	for (int c=0; c < r+1; c++) {
23	for (int c=-1; c < r; c++) {	for (int c=0; c < r+1; c++) {
23	(int c=1; c < r; c++) {	for (int c=0; c < r+1; c++) {
23	For (int c=1; c < r; c++) {	for (int c=0; c < r+1; c++) {
23	For (int c=0; c < r; c++) {	for (int c=0; c < r+1; c++) {
23	for (int c=0; (c < = r); c++) {	for (int c=0; c < r+1; c++) {
23	for (int c=1) {	for (int c=0; c < r+1; c++) {
23	) {	for (int c=0; c < r+1; c++) {
36	return new ArrayList < >();	ArrayList empty_set = new ArrayList < ArrayList>(); empty_set.add(new ArrayList()); return empty_set;
36	ArrayList < > base = new ArrayList(); return base;	ArrayList empty_set = new ArrayList < ArrayList>(); empty_set.add(new ArrayList()); return empty_set;
36	return new ArrayList < ArrayList < ArrayList>();	ArrayList empty_set = new ArrayList < ArrayList>(); empty_set.add(new ArrayList()); return empty_set;
36	ArrayList ret = new ArrayList();	ArrayList empty_set = new ArrayList < ArrayList>(); empty_set.add(new ArrayList()); return empty_set;
36	ArrayList < ArrayList> base = new ArrayList();	ArrayList empty_set = new ArrayList < ArrayList>(); empty_set.add(new ArrayList()); return empty_set;
36	ArrayList base = new ArrayList(); return base;	ArrayList empty_set = new ArrayList < ArrayList>(); empty_set.add(new ArrayList()); return empty_set;
36	ret = new ArrayList();	ArrayList empty_set = new ArrayList < ArrayList>(); empty_set.add(new ArrayList()); return empty_set;
36	ArrayList < > base = new ArrayList();	ArrayList empty_set = new ArrayList < ArrayList>(); empty_set.add(new ArrayList()); return empty_set;
36	return new ArrayList < ArrayList>();	ArrayList empty_set = new ArrayList < ArrayList>(); empty_set.add(new ArrayList()); return empty_set;
36	ArrayList result = new ArrayList(); return result;	ArrayList empty_set = new ArrayList < ArrayList>(); empty_set.add(new ArrayList()); return empty_set;
36	new ArrayList < ArrayList < ArrayList>();	ArrayList empty_set = new ArrayList < ArrayList>(); empty_set.add(new ArrayList()); return empty_set;
36	ArrayList list = new ArrayList(); return list;	ArrayList empty_set = new ArrayList < ArrayList>(); empty_set.add(new ArrayList()); return empty_set;
36	return new ArrayList < ArrayList < >();	ArrayList empty_set = new ArrayList < ArrayList>(); empty_set.add(new ArrayList()); return empty_set;
36	ArrayList ret = new ArrayList(50);	ArrayList empty_set = new ArrayList < ArrayList>(); empty_set.add(new ArrayList()); return empty_set;
36	ArrayList base = new ArrayList();	ArrayList empty_set = new ArrayList < ArrayList>(); empty_set.add(new ArrayList()); return empty_set;
36	new ArrayList < ArrayList>();	ArrayList empty_set = new ArrayList < ArrayList>(); empty_set.add(new ArrayList()); return empty_set;
36	new ArrayList < >();	ArrayList empty_set = new ArrayList < ArrayList>(); empty_set.add(new ArrayList()); return empty_set;
36	ret = new ArrayList();	ArrayList empty_set = new ArrayList < ArrayList>(); empty_set.add(new ArrayList()); return empty_set;
36	return new ArrayList();	ArrayList empty_set = new ArrayList < ArrayList>(); empty_set.add(new ArrayList()); return empty_set;
36	= new ArrayList();	ArrayList empty_set = new ArrayList < ArrayList>(); empty_set.add(new ArrayList()); return empty_set;
36	result = new ArrayList();	ArrayList empty_set = new ArrayList < ArrayList>(); empty_set.add(new ArrayList()); return empty_set;
36	n = new ArrayList();	ArrayList empty_set = new ArrayList < ArrayList>(); empty_set.add(new ArrayList()); return empty_set;
36	return ret;	ArrayList empty_set = new ArrayList < ArrayList>(); empty_set.add(new ArrayList()); return empty_set;
36	.addAll(ret);	ArrayList empty_set = new ArrayList < ArrayList>(); empty_set.add(new ArrayList()); return empty_set;
36	new ArrayList();	ArrayList empty_set = new ArrayList < ArrayList>(); empty_set.add(new ArrayList()); return empty_set;
36	return null;	ArrayList empty_set = new ArrayList < ArrayList>(); empty_set.add(new ArrayList()); return empty_set;
36	rim();	ArrayList empty_set = new ArrayList < ArrayList>(); empty_set.add(new ArrayList()); return empty_set;
36	return base;	ArrayList empty_set = new ArrayList < ArrayList>(); empty_set.add(new ArrayList()); return empty_set;
36	continue;	ArrayList empty_set = new ArrayList < ArrayList>(); empty_set.add(new ArrayList()); return empty_set;
36	;	ArrayList empty_set = new ArrayList < ArrayList>(); empty_set.add(new ArrayList()); return empty_set;
10	return new ArrayList < Integer>();	return new ArrayList < Integer>(Arrays.asList(n));
10	result = new ArrayList < Integer>(); return result;	return new ArrayList < Integer>(Arrays.asList(n));
10	= new ArrayList < Integer>();	return new ArrayList < Integer>(Arrays.asList(n));
10	n = new ArrayList < Integer>();	return new ArrayList < Integer>(Arrays.asList(n));
10	new ArrayList < Integer>();	return new ArrayList < Integer>(Arrays.asList(n));
10	ArrayList < > return new ArrayList < Integer>();	return new ArrayList < Integer>(Arrays.asList(n));
10	return new ArrayList < Integer>(0);	return new ArrayList < Integer>(Arrays.asList(n));
10	return new ArrayList < Integer>(n);	return new ArrayList < Integer>(Arrays.asList(n));
10	return new ArrayList < Integer>();	return new ArrayList < Integer>(Arrays.asList(n));
10	n = new ArrayList < Integer>();	return new ArrayList < Integer>(Arrays.asList(n));
10	n = new ArrayList < Integer>(); return n;	return new ArrayList < Integer>(Arrays.asList(n));
10	n = new ArrayList < Integer>(); return prepend;	return new ArrayList < Integer>(Arrays.asList(n));
10	.addAll(get_factors(n / i));	return new ArrayList < Integer>(Arrays.asList(n));
10	n = new ArrayList < Integer>(); return null;	return new ArrayList < Integer>(Arrays.asList(n));
10	ArrayList < Integer> prepend; return prepend;	return new ArrayList < Integer>(Arrays.asList(n));
10	n = new ArrayList < Integer>(); returnn;	return new ArrayList < Integer>(Arrays.asList(n));
10	ArrayList < Integer> prepend;	return new ArrayList < Integer>(Arrays.asList(n));
10	= new ArrayList < Integer>(); return prepend;	return new ArrayList < Integer>(Arrays.asList(n));
10	return new ArrayList < Integer>(1);	return new ArrayList < Integer>(Arrays.asList(n));
10	ArrayList < Integer> return prepend;	return new ArrayList < Integer>(Arrays.asList(n));
10	result = new ArrayList < Integer>();	return new ArrayList < Integer>(Arrays.asList(n));
10	new ArrayList < Integer>(n);	return new ArrayList < Integer>(Arrays.asList(n));
10	return prepend;	return new ArrayList < Integer>(Arrays.asList(n));
10	new ArrayList < Integer>(0);	return new ArrayList < Integer>(Arrays.asList(n));
10	ArrayList < Integer> prepend = null;	return new ArrayList < Integer>(Arrays.asList(n));
10	return get_factors(n / i);	return new ArrayList < Integer>(Arrays.asList(n));
10	return get_factors(n);	return new ArrayList < Integer>(Arrays.asList(n));
10	return new ArrayList < >();	return new ArrayList < Integer>(Arrays.asList(n));
10	n = 0; return prepend;	return new ArrayList < Integer>(Arrays.asList(n));
10	get_factors(n);	return new ArrayList < Integer>(Arrays.asList(n));
13	for (Integer x : arr.subList(0,k)) {	for (Integer x : arr.subList(k, arr.size())) {
13	for (Integer x : heap.subList(0,k)) {	for (Integer x : arr.subList(k, arr.size())) {
13	for (Integer x : heap.poll()) {	for (Integer x : arr.subList(k, arr.size())) {
13	for (Integer x : arr) {	for (Integer x : arr.subList(k, arr.size())) {
13	(Integer x : arr.subList(0,k))) {	for (Integer x : arr.subList(k, arr.size())) {
13	For (Integer x : arr.subList(0,k)) {	for (Integer x : arr.subList(k, arr.size())) {
13	for (Integer x : heap.iterator().next()) {	for (Integer x : arr.subList(k, arr.size())) {
13	for (Integer x : heap.toArray()) {	for (Integer x : arr.subList(k, arr.size())) {
13	for (Integer x : kheapsort) {	for (Integer x : arr.subList(k, arr.size())) {
13	for (Integer x : heap.keySet()) {	for (Integer x : arr.subList(k, arr.size())) {
13	for (Integer x : heap.size()) {	for (Integer x : arr.subList(k, arr.size())) {
13	for (Integer x : heap.values()) {	for (Integer x : arr.subList(k, arr.size())) {
13	for (Integer x : heap.get()) {	for (Integer x : arr.subList(k, arr.size())) {
13	for (Integer y : arr) {	for (Integer x : arr.subList(k, arr.size())) {
13	continue; for (Integer x : arr) {	for (Integer x : arr.subList(k, arr.size())) {
13	for (Integer x : heap.get(x)) {	for (Integer x : arr.subList(k, arr.size())) {
13	//For (Integer x : arr) {	for (Integer x : arr.subList(k, arr.size())) {
13	For (Integer x : heap.poll()) {	for (Integer x : arr.subList(k, arr.size())) {
13	for (Integer x : heap.get(k)) {	for (Integer x : arr.subList(k, arr.size())) {
13	for (Integer x : heap) {	for (Integer x : arr.subList(k, arr.size())) {
13	for (Integer x : heap.subList(0, k)) {	for (Integer x : arr.subList(k, arr.size())) {
13	For (Integer x : arr) {	for (Integer x : arr.subList(k, arr.size())) {
13	for (Integer x : heap.get(0)) {	for (Integer x : arr.subList(k, arr.size())) {
13	for (int x : arr) {	for (Integer x : arr.subList(k, arr.size())) {
13	for (Integer x : heap.remove(x)) {	for (Integer x : arr.subList(k, arr.size())) {
13	(Integer x : arr) {	for (Integer x : arr.subList(k, arr.size())) {
13	for (Integer x : kheap.poll()) {	for (Integer x : arr.subList(k, arr.size())) {
13	continue; for (Integer x : arr) { continue;	for (Integer x : arr.subList(k, arr.size())) {
13	for (Integer x : heap.poll());	for (Integer x : arr.subList(k, arr.size())) {
13	for (Integer x : heap.poll().toInt()) {	for (Integer x : arr.subList(k, arr.size())) {
17	longest = length;	longest = Math.max(longest,length + 1);
17	longest = length + 1;	longest = Math.max(longest,length + 1);
17	longest = length+1;	longest = Math.max(longest,length + 1);
17	longest = length - 1;	longest = Math.max(longest,length + 1);
17	longest = length + i;	longest = Math.max(longest,length + 1);
17	longest = length + 2;	longest = Math.max(longest,length + 1);
17	longest = length; i++;	longest = Math.max(longest,length + 1);
17	long longest = length + 1;	longest = Math.max(longest,length + 1);
17	longest = length + 1;	longest = Math.max(longest,length + 1);
17	length = length + 1;	longest = Math.max(longest,length + 1);
17	Long longest = length + 1;	longest = Math.max(longest,length + 1);
17	longest = length + j;	longest = Math.max(longest,length + 1);
17	longest = length + 0;	longest = Math.max(longest,length + 1);
17	lest = length + 1;	longest = Math.max(longest,length + 1);
17	longest = length + val;	longest = Math.max(longest,length + 1);
17	length = length;	longest = Math.max(longest,length + 1);
17	longest = length - i;	longest = Math.max(longest,length + 1);
17	shortest = length + 1;	longest = Math.max(longest,length + 1);
17	i++; longest = length;	longest = Math.max(longest,length + 1);
17	longest = length + 3;	longest = Math.max(longest,length + 1);
17	longest = length + 1 + 1;	longest = Math.max(longest,length + 1);
17	longest = length.length();	longest = Math.max(longest,length + 1);
17	longest = length; length = length;	longest = Math.max(longest,length + 1);
17	longest = length+1;	longest = Math.max(longest,length + 1);
17	longest = length * 2;	longest = Math.max(longest,length + 1);
17	long longest = length;	longest = Math.max(longest,length + 1);
17	length = length+1;	longest = Math.max(longest,length + 1);
17	longest = length;	longest = Math.max(longest,length + 1);
17	longest = 0;	longest = Math.max(longest,length + 1);
17	length += 1;	longest = Math.max(longest,length + 1);
31	if (list_comp(n, primes)) {	if (all(list_comp(n, primes))) {
31	if (list_comp(n, primes) == null) {	if (all(list_comp(n, primes))) {
31	if (!list_comp(n, primes)) {	if (all(list_comp(n, primes))) {
31	if (list_comp(n, max)) {	if (all(list_comp(n, primes))) {
31	if (list_comp(n, primes)!= null) {	if (all(list_comp(n, primes))) {
31	if (list_comp(n, primes)) {	if (all(list_comp(n, primes))) {
31	if (list_comp(n, primes) == null) {	if (all(list_comp(n, primes))) {
31	if (!list_comp(n, primes)) {	if (all(list_comp(n, primes))) {
31	if (list_comp(n, max)) {	if (all(list_comp(n, primes))) {
31	if (list_comp(n, primes, max)) {	if (all(list_comp(n, primes))) {
31	if (list_comp(n, primes) == false) {	if (all(list_comp(n, primes))) {
31	if (list_comp(n+1, primes)) {	if (all(list_comp(n, primes))) {
31	if (list_comp(n, primes) > 0) {	if (all(list_comp(n, primes))) {
31	if (list_comp(n, null)) {	if (all(list_comp(n, primes))) {
31	if (list_comp(n, primes) == 0) {	if (all(list_comp(n, primes))) {
31	if (list_comp(max, primes)) {	if (all(list_comp(n, primes))) {
31	if (list_comp(n + 1, primes)) {	if (all(list_comp(n, primes))) {
31	If (list_comp(n, primes)) {	if (all(list_comp(n, primes))) {
31	if (list_comp(n, primes)!= 0) {	if (all(list_comp(n, primes))) {
31	if (list_comp(n, n)) {	if (all(list_comp(n, primes))) {
31	If (list_comp(n, primes)) {	if (all(list_comp(n, primes))) {
31	if (list_comp(n, primes) >= 0) {	if (all(list_comp(n, primes))) {
31	if (any(list_comp(n, primes))) {	if (all(list_comp(n, primes))) {
31	if (list_comp(n, primes) == true) {	if (all(list_comp(n, primes))) {
31	if (list_comp(n, primes, max)) {	if (all(list_comp(n, primes))) {
31	if (list_comp(n, 0)) {	if (all(list_comp(n, primes))) {
31	if (list_comp(n, primes) == false) {	if (all(list_comp(n, primes))) {
31	if (list_comp(n, max+1)) {	if (all(list_comp(n, primes))) {
31	if (list_comp(n, primes.size())) {	if (all(list_comp(n, primes))) {
31	if (any(list_comp(n, primes))) {	if (all(list_comp(n, primes))) {
